CLASE,ESTADO,FECHA,MES,SEMANA,TIPO,AREA,PROVEEDOR,DESCRIPCION,FORMA DE PAGO,MONEDA,TASA,MONTO ORIG,MONTO BASE USD,MONTO PAGADO,SALDO PENDIENTE,% ADMIN,HONORARIOS,COSTO TOTAL,EMPRESA,OBRA,AREA M2,ESTIMADO,LINK FACTURA,LINK COMPROBANTE
INGRESO,PAGADO,2025-04-18,2025-04,2025-S16,INGRESO,N/A,MERAKY,ABONO 1,EFECTIVO,USD,1,40000,40000,40000,0,0,0,40000,DIMAQUINAS C.A.,MERAKY,850,738,,
INGRESO,PAGADO,2025-04-28,2025-04,2025-S18,INGRESO,N/A,MERAKY,ABONO 2,TRANSFERENCIA,VES,100,600000,6000,6000,0,0,0,6000,DIMAQUINAS C.A.,MERAKY,850,738,,
INGRESO,PAGADO,2025-05-02,2025-05,2025-S18,INGRESO,N/A,MERAKY,ABONO 3,TRANSFERENCIA,VES,98,600000,6122.45,6122.45,0,0,0,6122.45,DIMAQUINAS C.A.,MERAKY,850,738,,
INGRESO,PAGADO,2025-05-05,2025-05,2025-S19,INGRESO,N/A,MERAKY,ABONO 4,TRANSFERENCIA,VES,98,380044,3878,3878,0,0,0,3878,DIMAQUINAS C.A.,MERAKY,850,738,,
INGRESO,PAGADO,2025-05-15,2025-05,2025-S20,INGRESO,N/A,MERAKY,ABONO 5,TRANSFERENCIA,VES,106,600000,5660.38,5660.38,0,0,0,5660.38,DIMAQUINAS C.A.,MERAKY,850,738,,
INGRESO,PAGADO,2025-05-16,2025-05,2025-S20,INGRESO,N/A,MERAKY,ABONO 6,TRANSFERENCIA,VES,107.01,600000,5606.95,5606.95,0,0,0,5606.95,DIMAQUINAS C.A.,MERAKY,850,738,,
INGRESO,PAGADO,2025-05-20,2025-05,2025-S21,INGRESO,N/A,MERAKY,ABONO 7,EFECTIVO,USD,1,30000,30000,30000,0,0,0,30000,DIMAQUINAS C.A.,MERAKY,850,738,,
INGRESO,PAGADO,2025-07-07,2025-07,2025-S28,INGRESO,N/A,MERAKY,ABONO 8,EFECTIVO,USD,1,35000,35000,35000,0,0,0,35000,DIMAQUINAS C.A.,MERAKY,850,738,,
INGRESO,PAGADO,2025-07-29,2025-07,2025-S31,INGRESO,N/A,MERAKY,ABONO 9,TRANSFERENCIA,VES,123,553500,4500,4500,0,0,0,4500,DIMAQUINAS C.A.,MERAKY,850,738,,
INGRESO,PAGADO,2025-07-30,2025-07,2025-S31,INGRESO,N/A,MERAKY,ABONO 10,TRANSFERENCIA,VES,123,2477400,20141.46,20141.46,0,0,0,20141.46,DIMAQUINAS C.A.,MERAKY,850,738,,
INGRESO,PAGADO,2025-08-12,2025-08,2025-S33,INGRESO,N/A,MERAKY,ABONO 11,TRANSFERENCIA,VES,133,2626000,19744.36,19744.36,0,0,0,19744.36,DIMAQUINAS C.A.,MERAKY,850,738,,
INGRESO,PAGADO,2025-08-15,2025-08,2025-S33,INGRESO,N/A,MERAKY,ABONO 12,EFECTIVO,USD,1,18600,18600,18600,0,0,0,18600,DIMAQUINAS C.A.,MERAKY,850,738,,
INGRESO,PAGADO,2025-08-15,2025-08,2025-S33,INGRESO,N/A,MERAKY,ABONO 13,TRANSFERENCIA,VES,135.6,501720,3700,3700,0,0,0,3700,DIMAQUINAS C.A.,MERAKY,850,738,,
INGRESO,PAGADO,2025-08-25,2025-08,2025-S35,INGRESO,N/A,MERAKY,ABONO 14,TRANSFERENCIA,VES,142.68,4256400,29831.79,29831.79,0,0,0,29831.79,DIMAQUINAS C.A.,MERAKY,850,738,,
INGRESO,PAGADO,2025-08-29,2025-08,2025-S35,INGRESO,N/A,MERAKY,ABONO 15,TRANSFERENCIA,VES,147,800000,5442.18,5442.18,0,0,0,5442.18,DIMAQUINAS C.A.,MERAKY,850,738,,
INGRESO,PAGADO,2025-09-04,2025-09,2025-S36,INGRESO,N/A,MERAKY,ABONO 16,TRANSFERENCIA,VES,151,4552800,30150.99,30150.99,0,0,0,30150.99,DIMAQUINAS C.A.,MERAKY,850,738,,
INGRESO,PAGADO,2025-09-04,2025-09,2025-S36,INGRESO,N/A,MERAKY,ABONO 17,TRANSFERENCIA,VES,151,912000,6039.74,6039.74,0,0,0,6039.74,DIMAQUINAS C.A.,MERAKY,850,738,,
INGRESO,PAGADO,2025-09-06,2025-09,2025-S36,INGRESO,N/A,MERAKY,ABONO 18,EFECTIVO,USD,1,18000,18000,18000,0,0,0,18000,DIMAQUINAS C.A.,MERAKY,850,738,,
INGRESO,PAGADO,2025-09-08,2025-09,2025-S37,INGRESO,N/A,MERAKY,ABONO 19,TRANSFERENCIA,VES,155,6199200,39994.84,39994.84,0,0,0,39994.84,DIMAQUINAS C.A.,MERAKY,850,738,,
INGRESO,PAGADO,2025-09-12,2025-09,2025-S37,INGRESO,N/A,MERAKY,ABONO 20,TRANSFERENCIA,VES,159,795000,5000,5000,0,0,0,5000,DIMAQUINAS C.A.,MERAKY,850,738,,
INGRESO,PAGADO,2025-09-18,2025-09,2025-S38,INGRESO,N/A,MERAKY,ABONO 21,TRANSFERENCIA,VES,165.41,4962300,30000,30000,0,0,0,30000,DIMAQUINAS C.A.,MERAKY,850,738,,
INGRESO,PAGADO,2025-09-26,2025-09,2025-S39,INGRESO,N/A,MERAKY,ABONO 22,TRANSFERENCIA,VES,173.74,5212800,30003.45,30003.45,0,0,0,30003.45,DIMAQUINAS C.A.,MERAKY,850,738,,
INGRESO,PAGADO,2025-09-27,2025-09,2025-S39,INGRESO,N/A,MERAKY,ABONO 23,EFECTIVO,USD,1,12000,12000,12000,0,0,0,12000,DIMAQUINAS C.A.,MERAKY,850,738,,
INGRESO,PAGADO,2025-10-06,2025-10,2025-S41,INGRESO,N/A,MERAKY,ABONO 24,TRANSFERENCIA,VES,185.3,833850,4500,4500,0,0,0,4500,DIMAQUINAS C.A.,MERAKY,850,738,,
INGRESO,PAGADO,2025-10-07,2025-10,2025-S41,INGRESO,N/A,MERAKY,ABONO 25,TRANSFERENCIA,VES,187.28,3745600,20000,20000,0,0,0,20000,DIMAQUINAS C.A.,MERAKY,850,738,,
INGRESO,PAGADO,2025-10-22,2025-10,2025-S43,INGRESO,N/A,MERAKY,ABONO 26,TRANSFERENCIA,VES,210.82,4216400,20000,20000,0,0,0,20000,DIMAQUINAS C.A.,MERAKY,850,738,,
INGRESO,PAGADO,2025-10-31,2025-10,2025-S44,INGRESO,N/A,MERAKY,ABONO 27,TRANSFERENCIA,VES,224,1568000,7000,7000,0,0,0,7000,DIMAQUINAS C.A.,MERAKY,850,738,,
INGRESO,PAGADO,2025-10-10,2025-10,2025-S41,INGRESO,N/A,MERAKY,ABONO 28,TRANSFERENCIA,VES,223.96,4479200,20000,20000,0,0,0,20000,DIMAQUINAS C.A.,MERAKY,850,738,,
INGRESO,PAGADO,2025-11-12,2025-11,2025-S46,INGRESO,N/A,MERAKY,ABONO 29,TRANSFERENCIA,VES,233.04,2330440,10000.17,10000.17,0,0,0,10000.17,DIMAQUINAS C.A.,MERAKY,850,738,,
INGRESO,PAGADO,2025-11-18,2025-11,2025-S47,INGRESO,N/A,MERAKY,ABONO 30,EFECTIVO,USD,1,15000,15000,15000,0,0,0,15000,DIMAQUINAS C.A.,MERAKY,850,738,,
INGRESO,PAGADO,2025-11-21,2025-11,2025-S47,INGRESO,N/A,MERAKY,ABONO 31,EFECTIVO,USD,1,20000,20000,20000,0,0,0,20000,DIMAQUINAS C.A.,MERAKY,850,738,,
INGRESO,PAGADO,2025-11-21,2025-11,2025-S47,INGRESO,N/A,MERAKY,ABONO 32,EFECTIVO,USD,1,5000,5000,5000,0,0,0,5000,DIMAQUINAS C.A.,MERAKY,850,738,,
INGRESO,PAGADO,2025-12-02,2025-12,2025-S49,INGRESO,N/A,MERAKY,ABONO 33,EFECTIVO,USD,1,10000,10000,10000,0,0,0,10000,DIMAQUINAS C.A.,MERAKY,850,738,,
INGRESO,PAGADO,2025-12-02,2025-12,2025-S49,INGRESO,N/A,MERAKY,ABONO 34,TRANSFERENCIA,VES,247.2,1236000,5000,5000,0,0,0,5000,DIMAQUINAS C.A.,MERAKY,850,738,,
INGRESO,PAGADO,2025-12-15,2025-12,2025-S51,INGRESO,N/A,MERAKY,ABONO 35,EFECTIVO,USD,1,20000,20000,20000,0,0,0,20000,DIMAQUINAS C.A.,MERAKY,850,738,,
INGRESO,PAGADO,2026-01-09,2026-01,2026-S02,INGRESO,N/A,MERAKY,ABONO 36,TRANSFERENCIA,VES,321.04,3210447.38,10000.15,10000.15,0,0,0,10000.15,DIMAQUINAS C.A.,MERAKY,850,738,,
INGRESO,PAGADO,2026-02-18,2026-02,2026-S08,INGRESO,N/A,MERAKY,ABONO 37,TRANSFERENCIA,VES,397.3,3973000,10000,10000,0,0,0,10000,DIMAQUINAS C.A.,MERAKY,850,738,,
GASTO,PAGADO,2025-04-23,2025-04,2025-S17,TRANSPORTE,ESTRUCTURA,TOMAS DIAZ,TRASLADO DE CONTEDOR HASTA PLAYA GUACUCO (PARA DEPOSITO DE MATERIALES),N/A,USD,1,390,390,390,0,20,78,468,DIMAQUINAS C.A.,MERAKY,850,738,,
GASTO,PAGADO,2025-04-23,2025-04,2025-S17,MATERIALES,ESTRUCTURA MADERA,CAROLINA ESTRUCTURA,COMPRA DE MADERA PARA CONSTRUCCION DE TIENDA Y HELADERIA,N/A,USD,1,1700,1700,1700,0,20,340,2040,DIMAQUINAS C.A.,MERAKY,850,738,,
GASTO,PAGADO,2025-04-23,2025-04,2025-S17,MATERIALES,ESTRUCTURA,MATERIALES MANZANILLO,10 M3 DE PIEDRA PICADA,N/A,USD,1,250,250,250,0,20,50,300,DIMAQUINAS C.A.,MERAKY,850,738,,
GASTO,PAGADO,2025-04-25,2025-04,2025-S17,MANO DE OBRA,ESTRUCTURA,CRISPIN,SEMANA ALBAÑILERIA OBRAS PRELIMINARES,N/A,USD,1,250,250,250,0,20,50,300,DIMAQUINAS C.A.,MERAKY,850,738,,
GASTO,PAGADO,2025-04-25,2025-04,2025-S17,MANO DE OBRA,ESTRUCTURA,GUACO APONTE,TRANSPORTE DE MATERIALES INICIO,N/A,USD,1,150,150,150,0,20,30,180,DIMAQUINAS C.A.,MERAKY,850,738,,
GASTO,PAGADO,2025-04-23,2025-04,2025-S17,MATERIALES,ESTRUCTURA,FERRETERIA LAS ANTILLAS,"NYLON, TERMO, GUANTES, EQUIPOS VARIOS ALBAÑILERIA, FACT.",N/A,USD,1,577,577,577,0,20,115.4,692.4,DIMAQUINAS C.A.,MERAKY,850,738,,
GASTO,PAGADO,2025-04-24,2025-04,2025-S17,MATERIALES,CERRAMIENTO,FERRETERIA LAS ANTILLAS,PLASTICO NEGRO,N/A,USD,1,20,20,20,0,20,4,24,DIMAQUINAS C.A.,MERAKY,850,738,,
GASTO,PAGADO,2025-04-24,2025-04,2025-S17,MATERIALES,CERRAMIENTO,MINIMARKET EL TAPAGUAPIRE,CEPILLOS,N/A,USD,1,10,10,10,0,20,2,12,DIMAQUINAS C.A.,MERAKY,850,738,,
GASTO,PAGADO,2025-04-24,2025-04,2025-S17,MANO DE OBRA,PLOMERIA,VALERIO,PLOMERIA TRABAJOS INICIALES,N/A,USD,1,60,60,60,0,20,12,72,DIMAQUINAS C.A.,MERAKY,850,738,,
GASTO,PAGADO,2025-04-24,2025-04,2025-S17,MATERIALES,ESTRUCTURA,DANIEL VALDERRAMA,"DOS PALETAS DE CEMENTO, 69 CABILLAS DE 1/2 Y 68 CABILLAS DE 3/8",N/A,USD,1,2080,2080,2080,0,20,416,2496,DIMAQUINAS C.A.,MERAKY,850,738,,
GASTO,PAGADO,2025-04-30,2025-04,2025-S18,MANO DE OBRA,ESTRUCTURA,NEOMAR Y PEDRO,DEPOSITARIO Y COMPRAS QUINCENAL,N/A,USD,1,250,250,250,0,20,50,300,DIMAQUINAS C.A.,MERAKY,850,738,,
GASTO,PAGADO,2025-04-28,2025-04,2025-S18,INSUMOS,ESTRUCTURA,FERRETERIA LAS ANTILLAS,"ALAMBRE, CLAVOS, MALLA TRUCKSON",N/A,USD,1,320,320,320,0,20,64,384,DIMAQUINAS C.A.,MERAKY,850,738,,
GASTO,PAGADO,2025-05-02,2025-05,2025-S18,MATERIALES,PLOMERIA,FERREMATERIALES SANTA BARBARA,TUBOS PVC PLOMERIA - CODOS - TEE PVC - YEE PVC - SOLDADURA,N/A,USD,1,664,664,664,0,20,132.8,796.8,DIMAQUINAS C.A.,MERAKY,850,738,,
GASTO,PAGADO,2025-05-02,2025-05,2025-S18,MATERIALES,ALBAÑILERIA,FERREBLOCK,BLOQUES DE CONCRETO,N/A,USD,1,570,570,570,0,20,114,684,DIMAQUINAS C.A.,MERAKY,850,738,,
GASTO,PAGADO,2025-05-05,2025-05,2025-S19,MATERIALES,CERRAMIENTO,FERRETERIA LAS ANTILLAS,PLASTICO PARA CUBRIR LA FACHADA DEL CLUB HACIA LA PLAYA 100 ML,N/A,USD,1,264.1,264.1,264.1,0,20,52.82000000000001,316.92,DIMAQUINAS C.A.,MERAKY,850,738,,
GASTO,PAGADO,2025-05-05,2025-05,2025-S19,EQUIPOS,ALBAÑILERIA,PROCODIMA,ALQUILER DE CONTENEDOR SEMANA 1 Y 2,N/A,USD,1,160,160,160,0,20,32,192,DIMAQUINAS C.A.,MERAKY,850,738,,
GASTO,PAGADO,2025-05-09,2025-05,2025-S19,MANO DE OBRA,ESTRUCTURA,CRISPIN,CRISPIN MANO DE OBRA INICIO TRABAJOS,N/A,USD,1,150,150,150,0,20,30,180,DIMAQUINAS C.A.,MERAKY,850,738,,
GASTO,PAGADO,2025-05-09,2025-05,2025-S19,MANO DE OBRA,PLOMERIA,VALERIO,VALERIO INICIO TRABAJOS,N/A,USD,1,40,40,40,0,20,8,48,DIMAQUINAS C.A.,MERAKY,850,738,,
GASTO,PAGADO,2025-05-09,2025-05,2025-S19,MANO DE OBRA,ESTRUCTURA,GUACO APONTE,TRANSPORTE DE MATERIALES INICIO,N/A,USD,1,150,150,150,0,20,30,180,DIMAQUINAS C.A.,MERAKY,850,738,,
GASTO,PAGADO,2025-05-09,2025-05,2025-S19,INSUMOS,ESTRUCTURA,DIMAQUINAS,COMPRA DE 2000 LITROS DE AGUA,N/A,USD,1,15,15,15,0,20,3,18,DIMAQUINAS C.A.,MERAKY,850,738,,
GASTO,PAGADO,2025-05-09,2025-05,2025-S19,MATERIALES,ESTRUCTURA,FERRETERIA LAS ANTILLAS,"TANQUE ALMACENAMIENTO, ADAPTADORES, TENAZAS, NIVEL, ETC, FACTURA 161",N/A,USD,1,345.8,345.8,345.8,0,20,69.16000000000001,414.96,DIMAQUINAS C.A.,MERAKY,850,738,,
GASTO,PAGADO,2025-05-09,2025-05,2025-S19,MATERIALES,ESTRUCTURA,FERRETERIA LAS ANTILLAS,"MANGUERA, ABRAZADERAS, CANDADO, CONEXIÓN DE GRIFO PARA TANQUE",N/A,USD,1,78,78,78,0,20,15.600000000000001,93.6,DIMAQUINAS C.A.,MERAKY,850,738,,
GASTO,PAGADO,2025-05-09,2025-05,2025-S19,MANO DE OBRA,ESTRUCTURA MADERA,CAROLINA ESTRUCTURA,"ABONO A CAROLINA, ANTICIPO MANO DE OBRA ESTRUCTURA MADERA TIENDITA",N/A,USD,1,600,600,600,0,20,120,720,DIMAQUINAS C.A.,MERAKY,850,738,,
GASTO,PAGADO,2025-05-09,2025-05,2025-S19,PROYECTO,PROYECTO,INEA,PAGO DE PERMISO EN EL INEA,N/A,USD,1,200,200,200,0,20,40,240,DIMAQUINAS C.A.,MERAKY,850,738,,
GASTO,PAGADO,2025-05-09,2025-05,2025-S19,MANO DE OBRA,ESTRUCTURA MADERA,CAROLINA ESTRUCTURA,"ABONO COMPRA DE MADERA, CAROLINA, CONSTRUCCION DE PERGOLA ENTRADA",N/A,USD,1,900,900,900,0,20,180,1080,DIMAQUINAS C.A.,MERAKY,850,738,,
GASTO,PAGADO,2025-05-15,2025-05,2025-S20,MATERIALES,CERRAMIENTO,PROCODIMA,VARAS DE MANGLE PARA CERRAMIENTO,N/A,USD,1,500,500,500,0,20,100,600,DIMAQUINAS C.A.,MERAKY,850,738,,
GASTO,PAGADO,2025-05-15,2025-05,2025-S20,PROYECTO,PROYECTO,ALCALDIA DE ARISMENDI,"PAGO IMPUESTO CLASE ""B"" ALCALDIA",N/A,USD,1,400.86,400.86,400.86,0,20,80.17200000000001,481.032,DIMAQUINAS C.A.,MERAKY,850,738,,
GASTO,PAGADO,2025-05-15,2025-05,2025-S20,PROYECTO,PROYECTO,ALCALDIA DE ARISMENDI,ESTAMPILLAS,N/A,USD,1,4.26,4.26,4.26,0,20,0.852,5.111999999999999,DIMAQUINAS C.A.,MERAKY,850,738,,
GASTO,PAGADO,2025-05-15,2025-05,2025-S20,MANO DE OBRA,ESTRUCTURA,NEOMAR Y PEDRO,DEPOSITARIO Y COMPRAS QUINCENAL,N/A,USD,1,250,250,250,0,20,50,300,DIMAQUINAS C.A.,MERAKY,850,738,,
GASTO,PAGADO,2025-06-16,2025-06,2025-S25,PROYECTO,PROYECTO,ALCALDIA DE ARISMENDI,PAGO IMPUESTOS ALCALDIA PERMISO DEFINITIVO,N/A,USD,1,108.26,108.26,108.26,0,20,21.652,129.912,DIMAQUINAS C.A.,MERAKY,850,738,,
GASTO,PAGADO,2025-06-16,2025-06,2025-S25,MATERIALES,ESTRUCTURA,DIMAQUINAS,"CAMIONES DE RELLENO DE 7 M3 CADA UNO, TOTAL 35 M3",N/A,USD,1,350,350,350,0,20,70,420,DIMAQUINAS C.A.,MERAKY,850,738,,
GASTO,PAGADO,2025-06-16,2025-06,2025-S25,MANO DE OBRA,CASA GUARAME,DIMAQUINAS,LIMPIEZA DE TANQUE SEPTICO CASA GUARAME,N/A,USD,1,160,160,160,0,20,32,192,DIMAQUINAS C.A.,MERAKY,850,738,,
GASTO,PAGADO,2025-06-16,2025-06,2025-S25,MATERIALES,MURO CICLOPEO,CAROLINA ESTRUCTURA,"6 CAMIONES DE PIEDRA BRUTA, 7 M3 CADA UNO, PARA MURO DE CONTENCION",N/A,USD,1,1200,1200,1200,0,20,240,1440,DIMAQUINAS C.A.,MERAKY,850,738,,
GASTO,PAGADO,2025-06-16,2025-06,2025-S25,MATERIALES,ACABADOS,CAROLINA ESTRUCTURA,BEJUCO PARA COLUMNAS DEL DJ,N/A,USD,1,125,125,125,0,20,25,150,DIMAQUINAS C.A.,MERAKY,850,738,,
GASTO,PAGADO,2025-06-20,2025-06,2025-S25,EQUIPOS,ESTRUCTURA,DIMAQUINAS,TRASNPORTE DE MAQUINARIAS (RETROEXCAVADORA Y RANA COMPACTADORA),N/A,USD,1,150,150,150,0,20,30,180,DIMAQUINAS C.A.,MERAKY,850,738,,
GASTO,PAGADO,2025-06-20,2025-06,2025-S25,EQUIPOS,ESTRUCTURA,DIMAQUINAS,ALQUILER DE RETROEXCAVADORA (2 DIAS) SEMANA 1 DEL (18 AL 20),N/A,USD,1,400,400,400,0,20,80,480,DIMAQUINAS C.A.,MERAKY,850,738,,
GASTO,PAGADO,2025-06-20,2025-06,2025-S25,EQUIPOS,ESTRUCTURA,DIMAQUINAS,ALQUILER DE RANA COMPACTADORA (3 DIAS) SEMANA 1 DEL (18 AL 20),N/A,USD,1,180,180,180,0,20,36,216,DIMAQUINAS C.A.,MERAKY,850,738,,
GASTO,PAGADO,2025-06-20,2025-06,2025-S25,EQUIPOS,ESTRUCTURA,DIMAQUINAS,ALQUILER DE TROMPO (4 DIAS) SEMANA 1 DEL (17 AL 20),N/A,USD,1,200,200,200,0,20,40,240,DIMAQUINAS C.A.,MERAKY,850,738,,
GASTO,PAGADO,2025-06-20,2025-06,2025-S25,EQUIPOS,CASA GUARAME,DIMAQUINAS,PAGO REPISA CASA DE GUARAME,N/A,USD,1,50,50,50,0,20,10,60,DIMAQUINAS C.A.,MERAKY,850,738,,
GASTO,PAGADO,2025-06-20,2025-06,2025-S25,MATERIALES,ESTRUCTURA,FERRETERIA LAS ANTILLAS,"ALAMBRE,LENTS, TIZA, HOJA DE CEGUETA, NYLON",N/A,USD,1,66.25,66.25,66.25,0,20,13.25,79.5,DIMAQUINAS C.A.,MERAKY,850,738,,
GASTO,PAGADO,2025-06-20,2025-06,2025-S25,MANO DE OBRA,ESTRUCTURA,NEOMAR Y PEDRO,DEPOSITARIO Y COMPRAS SEMANAL,N/A,USD,1,250,250,250,0,20,50,300,DIMAQUINAS C.A.,MERAKY,850,738,,
GASTO,PAGADO,2025-06-20,2025-06,2025-S25,MANO DE OBRA,ESTRUCTURA,GUACO APONTE,TRANSPORTE DE MATERIALES SEMANA 20/06,N/A,USD,1,150,150,150,0,20,30,180,DIMAQUINAS C.A.,MERAKY,850,738,,
GASTO,PAGADO,2025-06-20,2025-06,2025-S25,EQUIPOS,ESTRUCTURA,PROCODIMA,ALQUILER DE CONTENEDOR SEMANA DEL 16 AL 20,N/A,USD,1,90,90,90,0,20,18,108,DIMAQUINAS C.A.,MERAKY,850,738,,
GASTO,PAGADO,2025-06-20,2025-06,2025-S25,EQUIPOS,ESTRUCTURA,PROCODIMA,ALQUILER DE ENCOFRADOS SEMANA 16 AL 20,N/A,USD,1,500,500,500,0,20,100,600,DIMAQUINAS C.A.,MERAKY,850,738,,
GASTO,PAGADO,2025-06-20,2025-06,2025-S25,TRANSPORTE,ESTRUCTURA,PROCODIMA,3 VIAJES DE BOTE DE ESCOMBROS,N/A,USD,1,150,150,150,0,20,30,180,DIMAQUINAS C.A.,MERAKY,850,738,,
GASTO,PAGADO,2025-06-20,2025-06,2025-S25,MATERIALES,CERRAMIENTO,FERRETERIA ACROPOLIS,"ROLLO DE ALAMBRE, LAMINA DE SENSEN, TIZAS ALBAÑILES",N/A,USD,1,46.5,46.5,46.5,0,20,9.3,55.8,DIMAQUINAS C.A.,MERAKY,850,738,,
GASTO,PAGADO,2025-06-20,2025-06,2025-S25,MATERIALES,ESTRUCTURA,FERRETERIA SANTA RITA,"COMPRA DE PLASTICO NEGRO, FACTURA 40785",N/A,USD,1,158.08,158.08,158.08,0,20,31.616000000000003,189.696,DIMAQUINAS C.A.,MERAKY,850,738,,
GASTO,PAGADO,2025-06-20,2025-06,2025-S25,MATERIALES,ESTRUCTURA,FERRETERIA ACROPOLIS,"TOBOS DE PLASTICO PARA CONSTRUCCION, FACTURA 1375",N/A,USD,1,31.62,31.62,31.62,0,20,6.324000000000001,37.944,DIMAQUINAS C.A.,MERAKY,850,738,,
GASTO,PAGADO,2025-06-20,2025-06,2025-S25,MATERIALES,ESTRUCTURA,PREMEZCLADO MANZANILLO,COMPRA DE UN CAMION DE PIEDRA DE 10 M3,N/A,USD,1,220,220,220,0,20,44,264,DIMAQUINAS C.A.,MERAKY,850,738,,
GASTO,PAGADO,2025-06-20,2025-06,2025-S25,MATERIALES,ESTRUCTURA,AMARO ARENA,1 CAMION DE ARENA LAVADA DE 10 M3,N/A,USD,1,588,588,588,0,20,117.60000000000001,705.6,DIMAQUINAS C.A.,MERAKY,850,738,,
GASTO,PAGADO,2025-06-20,2025-06,2025-S25,MATERIALES,ESTRUCTURA,AV INGENIERIA,4 LITROS DE ADITIVO ANTIOXIDANTE PARA CONCRETO,N/A,USD,1,240,240,240,0,20,48,288,DIMAQUINAS C.A.,MERAKY,850,738,,
GASTO,PAGADO,2025-06-20,2025-06,2025-S25,MANO DE OBRA,MURO CICLOPEO,CAROLINA ESTRUCTURA,ABONO MANO DE OBRA ESTRUCTURA MADERA CAROLINA,N/A,USD,1,1700,1700,1700,0,20,340,2040,DIMAQUINAS C.A.,MERAKY,850,738,,
GASTO,PAGADO,2025-06-20,2025-06,2025-S25,MANO DE OBRA,ESTRUCTURA,CRISPIN,"MANO DE OBRA ALBAÑILERIA, ELECTRICIDAD, PLOMERIA",N/A,USD,1,2600,2600,2600,0,20,520,3120,DIMAQUINAS C.A.,MERAKY,850,738,,
GASTO,PAGADO,2025-06-20,2025-06,2025-S25,MATERIALES,MURO CICLOPEO,DANIEL VALDERRAMA,COMPRA DE 4 PALETAS DE CEMENTO (385$ C/U),N/A,USD,1,1940,1940,1940,0,20,388,2328,DIMAQUINAS C.A.,MERAKY,850,738,,
GASTO,PAGADO,2025-06-20,2025-06,2025-S25,MATERIALES,ALBAÑILERIA,TOMAS CANTERA,CAMION DE 7 M3 DE ARENA FINA PARA FRISO,N/A,USD,1,140,140,140,0,20,28,168,DIMAQUINAS C.A.,MERAKY,850,738,,
GASTO,PAGADO,2025-06-20,2025-06,2025-S25,MATERIALES,ESTRUCTURA,INVERSIONES ACROPOLIS,"16 ROLLOS DE ALMABRE, CEPILLO, ESPONJA, FAC. 1378",N/A,USD,1,118.56,118.56,118.56,0,20,23.712000000000003,142.272,DIMAQUINAS C.A.,MERAKY,850,738,,
GASTO,PAGADO,2025-06-20,2025-06,2025-S25,MATERIALES,ESTRUCTURA,INVERSIONES ACROPOLIS,DOS GALONES DE PRIMER PARA VIGAS DE RIOSTRA,N/A,USD,1,49.39,49.39,49.39,0,20,9.878,59.268,DIMAQUINAS C.A.,MERAKY,850,738,,
GASTO,PAGADO,2025-06-20,2025-06,2025-S25,MATERIALES,ESTRUCTURA,FERRETERIA SANTA RITA,"COMPRA DE 50 CABILLAS DE 1/2 , 25 CABILLAS DE 3/8",N/A,USD,1,1050,1050,1050,0,20,210,1260,DIMAQUINAS C.A.,MERAKY,850,738,,
GASTO,PAGADO,2025-06-20,2025-06,2025-S25,MATERIALES,ESTRUCTURA,TOMAS CANTERA,1 CAMION DE ARENA GRUESA 7 M3,N/A,USD,1,210,210,210,0,20,42,252,DIMAQUINAS C.A.,MERAKY,850,738,,
GASTO,PAGADO,2025-06-20,2025-06,2025-S25,MATERIALES,ESTRUCTURA,GUARAME,COMPRA DE 2 CAMIONES DE AGUA DE 5.000 LITROS,N/A,USD,1,30,30,30,0,20,6,36,DIMAQUINAS C.A.,MERAKY,850,738,,
GASTO,PAGADO,2025-06-20,2025-06,2025-S25,MATERIALES,ESTRUCTURA,GUARAME,COMPRA DE 40 CABILLAS DE 3/8,N/A,USD,1,520,520,520,0,20,104,624,DIMAQUINAS C.A.,MERAKY,850,738,,
GASTO,PAGADO,2025-06-27,2025-06,2025-S26,MANO DE OBRA,ESTRUCTURA MADERA,CAROLINA ESTRUCTURA,ABONO PRESUPUESTO ESTRUCTURA TECHO ETAPA VIEJA (VER PRESUPUESTO ),N/A,USD,1,3400,3400,3400,0,20,680,4080,DIMAQUINAS C.A.,MERAKY,850,738,,
GASTO,PAGADO,2025-06-27,2025-06,2025-S26,MANO DE OBRA,ESTRUCTURA,AV INGENIERIA,8 LITROS ADITIVO ANTIOXIDANTE PARA VACIADO DE VIGAS,N/A,USD,1,480,480,480,0,20,96,576,DIMAQUINAS C.A.,MERAKY,850,738,,
GASTO,PAGADO,2025-06-27,2025-06,2025-S26,EQUIPOS,ESTRUCTURA,DIMAQUINAS,TRASNPORTE DE FIORI,N/A,USD,1,150,150,150,0,20,30,180,DIMAQUINAS C.A.,MERAKY,850,738,,
GASTO,PAGADO,2025-06-27,2025-06,2025-S26,EQUIPOS,ESTRUCTURA,DIMAQUINAS,ALQUILER DE FIORI Y VIBRO,N/A,USD,1,230,230,230,0,20,46,276,DIMAQUINAS C.A.,MERAKY,850,738,,
GASTO,PAGADO,2025-06-27,2025-06,2025-S26,EQUIPOS,ESTRUCTURA,DIMAQUINAS,ALQUILER DE TOLBAS PARA VACIADO,N/A,USD,1,50,50,50,0,20,10,60,DIMAQUINAS C.A.,MERAKY,850,738,,
GASTO,PAGADO,2025-06-27,2025-06,2025-S26,EQUIPOS,ESTRUCTURA,DIMAQUINAS,ALQUILER DE ENCOFRADOS SEMANA 23 AL 27,N/A,USD,1,500,500,500,0,20,100,600,DIMAQUINAS C.A.,MERAKY,850,738,,
GASTO,PAGADO,2025-06-27,2025-06,2025-S26,MANO DE OBRA,ACABADOS,FREDY CORALINA,"ABONO PISOS DE CORALINA ARTIFICIAL, FABRICACION Y COLOCACION (250 M2 APROXIMADAMENTE)",N/A,USD,1,5500,5500,5500,0,20,1100,6600,DIMAQUINAS C.A.,MERAKY,850,738,,
GASTO,PAGADO,2025-06-27,2025-06,2025-S26,MATERIALES,MURO CICLOPEO,CAROLINA ESTRUCTURA,5 CAMIONES DE PIEDRA BRUTA DE 7 M3,N/A,USD,1,800,800,800,0,20,160,960,DIMAQUINAS C.A.,MERAKY,850,738,,
GASTO,PAGADO,2025-06-27,2025-06,2025-S26,MATERIALES,ELECTRICIDAD,CASA LED,"COMPRA DE MATERIALES ELECTRICOS, TUBERIA, TABLEROS, (TIENDAS)",N/A,USD,1,950,950,950,0,20,190,1140,DIMAQUINAS C.A.,MERAKY,850,738,,
GASTO,PAGADO,2025-06-27,2025-06,2025-S26,MATERIALES,ESTRUCTURA MADERA,CAROLINA ESTRUCTURA,"PAGO ADICIONAL ESTRUCTURA MATERIAL PRESUPUESTO DE MADERA, ETAPA VIEJA (VER PRESUPUESTO)",N/A,USD,1,576,576,576,0,20,115.2,691.1999999999999,DIMAQUINAS C.A.,MERAKY,850,738,,
GASTO,PAGADO,2025-06-27,2025-06,2025-S26,MATERIALES,ESTRUCTURA,FERRETERIA LAS ANTILLAS,"24 PARES DE GUANTES, 10 DISCOS DE CORTE, FAC. 1380",N/A,USD,1,44.27,44.27,44.27,0,20,8.854000000000001,53.124,DIMAQUINAS C.A.,MERAKY,850,738,,
GASTO,PAGADO,2025-06-27,2025-06,2025-S26,MATERIALES,ALBAÑILERIA,FERRETERIA LAS ANTILLAS,COMPRA DE 600 BLOQUES DE CONCRETO,N/A,USD,1,480,480,480,0,20,96,576,DIMAQUINAS C.A.,MERAKY,850,738,,
GASTO,PAGADO,2025-06-27,2025-06,2025-S26,MATERIALES,ESTRUCTURA,DIMAQUINAS,CAMION DE AGUA EN SITIO,N/A,USD,1,80,80,80,0,20,16,96,DIMAQUINAS C.A.,MERAKY,850,738,,
GASTO,PAGADO,2025-06-27,2025-06,2025-S26,MATERIALES,ESTRUCTURA,MATERIALES MANZANILLO,"CAMION DE PIEDRA DE 18,84 TON",N/A,USD,1,341.19,341.19,341.19,0,20,68.238,409.428,DIMAQUINAS C.A.,MERAKY,850,738,,
GASTO,PAGADO,2025-06-27,2025-06,2025-S26,INSUMOS,ESTRUCTURA,CAROLINA ESTRUCTURA,DOS CAMIONES DE AGUA DE 5.000LITROS,N/A,USD,1,30,30,30,0,20,6,36,DIMAQUINAS C.A.,MERAKY,850,738,,
GASTO,PAGADO,2025-06-27,2025-06,2025-S26,MANO DE OBRA,ESTRUCTURA MADERA,CAROLINA ESTRUCTURA,ABONO MANO DE OBRA ESTRUCTURAS DE MADERA CAROLINA,N/A,USD,1,2000,2000,2000,0,20,400,2400,DIMAQUINAS C.A.,MERAKY,850,738,,
GASTO,PAGADO,2025-06-27,2025-06,2025-S26,MATERIALES,ESTRUCTURA,AMARO ARENA,1 CAMION DE ARENA LAVADA DE 7 M3,N/A,USD,1,588,588,588,0,20,117.60000000000001,705.6,DIMAQUINAS C.A.,MERAKY,850,738,,
GASTO,PAGADO,2025-06-27,2025-06,2025-S26,EQUIPOS,ESTRUCTURA,PROCODIMA,ALQUILER DE RANA COMPACTADORA (2 DIAS) SEMANA DEL 23 AL 27,N/A,USD,1,50,50,50,0,20,10,60,DIMAQUINAS C.A.,MERAKY,850,738,,
GASTO,PAGADO,2025-06-27,2025-06,2025-S26,MATERIALES,ESTRUCTURA MADERA,PROCODIMA,TRANSPORTE DE MADERA DESMONTADA  A GALPON PARA LIJAR Y PREPARAR (MADERA DEL LOCAL),N/A,USD,1,30,30,30,0,20,6,36,DIMAQUINAS C.A.,MERAKY,850,738,,
GASTO,PAGADO,2025-06-27,2025-06,2025-S26,EQUIPOS,ESTRUCTURA,PROCODIMA,ALQUILER DE CONTENEDOR SEMANA DEL 23 AL 27,N/A,USD,1,90,90,90,0,20,18,108,DIMAQUINAS C.A.,MERAKY,850,738,,
GASTO,PAGADO,2025-06-27,2025-06,2025-S26,MANO DE OBRA,ESTRUCTURA,CRISPIN,"MANO DE OBRA ALBAÑILERIA, ELECTRICIDAD, PLOMERIA",N/A,USD,1,1790,1790,1790,0,20,358,2148,DIMAQUINAS C.A.,MERAKY,850,738,,
GASTO,PAGADO,2025-06-27,2025-06,2025-S26,MATERIALES,ESTRUCTURA,FERRETERIA SANTA RITA,COMPRA DE ALAMBRE Y PLASTICO NEGRO FALTANTE PARA CERRAR,N/A,USD,1,144.77,144.77,144.77,0,20,28.954000000000004,173.72400000000002,DIMAQUINAS C.A.,MERAKY,850,738,,
GASTO,PAGADO,2025-06-27,2025-06,2025-S26,EQUIPOS,ESTRUCTURA,DIMAQUINAS,ALQUILER DE TROMPO (5 DIAS) SEMANA 1 DEL (23 AL 27),N/A,USD,1,250,250,250,0,20,50,300,DIMAQUINAS C.A.,MERAKY,850,738,,
GASTO,PAGADO,2025-06-27,2025-06,2025-S26,MATERIALES,ESTRUCTURA,DANIEL VALDERRAMA,1 CAMION DE ARENA GRUESA Y UN CAMION DE ARENA FINA DE 10 M3,N/A,USD,1,700,700,700,0,20,140,840,DIMAQUINAS C.A.,MERAKY,850,738,,
GASTO,PAGADO,2025-06-27,2025-06,2025-S26,MATERIALES,ESTRUCTURA,DANIEL VALDERRAMA,COMPRA DE DOS PALETAS DE CEMENTO,N/A,USD,1,864,864,864,0,20,172.8,1036.8,DIMAQUINAS C.A.,MERAKY,850,738,,
GASTO,PAGADO,2025-06-27,2025-06,2025-S26,MATERIALES,ESTRUCTURA,CAROLINA ESTRUCTURA,ABONO PRESUPUESTO DE ESTRUCTURA DE TECHO DE MADERA 2  RESTAURANT (VER PRESUPUESTO),N/A,USD,1,4100,4100,4100,0,20,820,4920,DIMAQUINAS C.A.,MERAKY,850,738,,
GASTO,PAGADO,2025-06-27,2025-06,2025-S26,MATERIALES,ESTRUCTURA,FERRETERIA LAS ANTILLAS,MALLA POLLITO,N/A,USD,1,70.5,70.5,70.5,0,20,14.100000000000001,84.6,DIMAQUINAS C.A.,MERAKY,850,738,,
GASTO,PAGADO,2025-07-04,2025-07,2025-S27,TRANSPORTE,ESTRUCTURA,DIMAQUINAS,6 VIJAES DE BOTE DE ESCOMBROS,N/A,USD,1,450,450,450,0,20,90,540,DIMAQUINAS C.A.,MERAKY,850,738,,
GASTO,PAGADO,2025-07-04,2025-07,2025-S27,EQUIPOS,ESTRUCTURA,DIMAQUINAS,ALQUILER DE TROMPO (5 DIAS) SEMANA 3 DEL (1 AL 4),N/A,USD,1,250,250,250,0,20,50,300,DIMAQUINAS C.A.,MERAKY,850,738,,
GASTO,PAGADO,2025-07-04,2025-07,2025-S27,MATERIALES,ESTRUCTURA,ROFERCA,COMPRA DE PREMEZCALDO (5M3),N/A,USD,1,825,825,825,0,20,165,990,DIMAQUINAS C.A.,MERAKY,850,738,,
GASTO,PAGADO,2025-07-04,2025-07,2025-S27,MATERIALES,ESTRUCTURA,DIMAQUINAS,ALQUILER DE CUARTONES Y ENCOFRADO METALICO PARA VACIAR,N/A,USD,1,450,450,450,0,20,90,540,DIMAQUINAS C.A.,MERAKY,850,738,,
GASTO,PAGADO,2025-07-04,2025-07,2025-S27,EQUIPOS,ESTRUCTURA,DIMAQUINAS,ALQUILER DE DOS MARTILLOS PARA DEMOLICIONES (DEL 1 AL 4),N/A,USD,1,200,200,200,0,20,40,240,DIMAQUINAS C.A.,MERAKY,850,738,,
GASTO,PAGADO,2025-07-04,2025-07,2025-S27,INSUMOS,ESTRUCTURA,SUMINISTROS ELECTRICOS REAL,COMPRA DE GUANTES Y LENTES,N/A,USD,1,55.35,55.35,55.35,0,20,11.07,66.42,DIMAQUINAS C.A.,MERAKY,850,738,,
GASTO,PAGADO,2025-07-04,2025-07,2025-S27,INSUMOS,ESTRUCTURA,CAROLINA ESTRUCTURA,COMPRA DE 4 CAMIONES DE AGIUA,N/A,USD,1,60,60,60,0,20,12,72,DIMAQUINAS C.A.,MERAKY,850,738,,
GASTO,PAGADO,2025-07-04,2025-07,2025-S27,CONTRATISTA,ESTRUCTURA,JESUS CARPINTERO,ABONO REPARACION DE 6 PUERTAS DE MADERA PRA LOCAL,N/A,USD,1,400,400,400,0,20,80,480,DIMAQUINAS C.A.,MERAKY,850,738,,
GASTO,PAGADO,2025-07-04,2025-07,2025-S27,MATERIALES,ESTRUCTURA,FERRETERIA LAS ANTILLAS,"TAPON HEMBRA, CLAVOS",N/A,USD,1,29.47,29.47,29.47,0,20,5.894,35.364,DIMAQUINAS C.A.,MERAKY,850,738,,
GASTO,PAGADO,2025-07-04,2025-07,2025-S27,MATERIALES,ALBAÑILERIA,FERRETERIA LAS ANTILLAS,"COMPRA DE 850 BLOQUES DE CONCRETO, MALLA POLLITO, CLAVOS",N/A,USD,1,824.45,824.45,824.45,0,20,164.89000000000001,989.34,DIMAQUINAS C.A.,MERAKY,850,738,,
GASTO,PAGADO,2025-07-04,2025-07,2025-S27,MATERIALES,ALBAÑILERIA,MATERIALES MANZANILLO,COMPRA DE CHAPA VIROLA PARA VACIAR ARCO,N/A,USD,1,17.57,17.57,17.57,0,20,3.5140000000000002,21.084,DIMAQUINAS C.A.,MERAKY,850,738,,
GASTO,PAGADO,2025-07-04,2025-07,2025-S27,MATERIALES,ALBAÑILERIA,"INVERSIONES SORIMAYA, C.A",COMPRA DE 20 CABILLAS DE 3/8 Y 15 CABILLAS DE 1/2,N/A,USD,1,480,480,480,0,20,96,576,DIMAQUINAS C.A.,MERAKY,850,738,,
GASTO,PAGADO,2025-07-04,2025-07,2025-S27,MATERIALES,PLOMERIA,FERRETERIA LAS ANTILLAS,CLAVOS DE ACERO Y CANILLAS,N/A,USD,1,96.18,96.18,96.18,0,20,19.236000000000004,115.416,DIMAQUINAS C.A.,MERAKY,850,738,,
GASTO,PAGADO,2025-07-04,2025-07,2025-S27,MATERIALES,PLOMERIA,FERRETERIA EL PISO,"6X6H/PULG, FACT. 19790",N/A,USD,1,68.35,68.35,68.35,0,20,13.67,82.02,DIMAQUINAS C.A.,MERAKY,850,738,,
GASTO,PAGADO,2025-07-04,2025-07,2025-S27,MATERIALES,ESTRUCTURA,MATERIALES GK ISLA,COMPRA DE CLAVOS DE ACERO Y ESCOBAS,N/A,USD,1,51.15,51.15,51.15,0,20,10.23,61.379999999999995,DIMAQUINAS C.A.,MERAKY,850,738,,
GASTO,PAGADO,2025-07-04,2025-07,2025-S27,EQUIPOS,ESTRUCTURA,PROCODIMA,ALQUILER DE CONTENEDOR SEMANA DEL 01 AL 04,N/A,USD,1,90,90,90,0,20,18,108,DIMAQUINAS C.A.,MERAKY,850,738,,
GASTO,PAGADO,2025-07-04,2025-07,2025-S27,EQUIPOS,ESTRUCTURA,PROCODIMA,ALQUILER DE RANA COMPACTADORA (5 DIAS) SEMANA DEL01 AL 04,N/A,USD,1,125,125,125,0,20,25,150,DIMAQUINAS C.A.,MERAKY,850,738,,
GASTO,PAGADO,2025-07-04,2025-07,2025-S27,MANO DE OBRA,ESTRUCTURA,NEOMAR Y PEDRO,DEPOSITARIO Y COMPRAS SEMANAL,N/A,USD,1,250,250,250,0,20,50,300,DIMAQUINAS C.A.,MERAKY,850,738,,
GASTO,PAGADO,2025-07-04,2025-07,2025-S27,MANO DE OBRA,MURO CICLOPEO,CAROLINA ESTRUCTURA,ABONO TRABAJOS DE ESTRUCTURA CAROLINA (MURO CICLOPEO),N/A,USD,1,2000,2000,2000,0,20,400,2400,DIMAQUINAS C.A.,MERAKY,850,738,,
GASTO,PAGADO,2025-07-04,2025-07,2025-S27,MANO DE OBRA,ESTRUCTURA,CRISPIN,"ABONO MANO DE OBRA ESTRUCTURA, ALBAÑILERIA, PLOMERIA Y ELECTRICIDAD",N/A,USD,1,2652,2652,2652,0,20,530.4,3182.4,DIMAQUINAS C.A.,MERAKY,850,738,,
GASTO,PAGADO,2025-07-11,2025-07,2025-S28,MANO DE OBRA,ESTRUCTURA,DANIEL VALDERRAMA,COMPRA DE UNA PALETA DE CEMENTO,N/A,USD,1,520,520,520,0,20,104,624,DIMAQUINAS C.A.,MERAKY,850,738,,
GASTO,PAGADO,2025-07-11,2025-07,2025-S28,MATERIALES,ESTRUCTURA,DIMAQUINAS,2 VIAJES DE BOTE DE ESCOMBROS,N/A,USD,1,150,150,150,0,20,30,180,DIMAQUINAS C.A.,MERAKY,850,738,,
GASTO,PAGADO,2025-07-11,2025-07,2025-S28,TRANSPORTE,ESTRUCTURA,DIMAQUINAS,ALQUILER DE TROMPO (5 DIAS) SEMANA 3 DEL (1 AL 4),N/A,USD,1,250,250,250,0,20,50,300,DIMAQUINAS C.A.,MERAKY,850,738,,
GASTO,PAGADO,2025-07-11,2025-07,2025-S28,EQUIPOS,ESTRUCTURA,DIMAQUINAS,ALQUILER DE CUARTONES Y ENCOFRADO METALICO PARA VACIAR,N/A,USD,1,450,450,450,0,20,90,540,DIMAQUINAS C.A.,MERAKY,850,738,,
GASTO,PAGADO,2025-07-11,2025-07,2025-S28,EQUIPOS,ESTRUCTURA,DIMAQUINAS,ALQUILER DE DOS MARTILLOS PARA DEMOLICIONES (DEL 1 AL 4),N/A,USD,1,200,200,200,0,20,40,240,DIMAQUINAS C.A.,MERAKY,850,738,,
GASTO,PAGADO,2025-07-11,2025-07,2025-S28,EQUIPOS,ESTRUCTURA,DIMAQUINAS,1 VIAJE DE RELLENO DE 25 M3,N/A,USD,1,250,250,250,0,20,50,300,DIMAQUINAS C.A.,MERAKY,850,738,,
GASTO,PAGADO,2025-07-11,2025-07,2025-S28,EQUIPOS,ESTRUCTURA,DIMAQUINAS,2 VIAJES DE BOTES DE ESCOMBROS,N/A,USD,1,200,200,200,0,20,40,240,DIMAQUINAS C.A.,MERAKY,850,738,,
GASTO,PAGADO,2025-07-11,2025-07,2025-S28,EQUIPOS,ESTRUCTURA,DIMAQUINAS,CAMION DE 7 M3 DE ARENA FINA PARA FRISO,N/A,USD,1,200,200,200,0,20,40,240,DIMAQUINAS C.A.,MERAKY,850,738,,
GASTO,PAGADO,2025-07-11,2025-07,2025-S28,MATERIALES,ESTRUCTURA,CAROLINA ESTRUCTURA,COMPRA DE 6 CAMIONES DE AGUA DE 15 LITROS,N/A,USD,1,90,90,90,0,20,18,108,DIMAQUINAS C.A.,MERAKY,850,738,,
GASTO,PAGADO,2025-07-11,2025-07,2025-S28,MATERIALES,ESTRUCTURA,LUIS RODRIGUEZ,8 CUERPOS ALQUILER DE ANDAMIOS SEMANA,N/A,USD,1,180,180,180,0,20,36,216,DIMAQUINAS C.A.,MERAKY,850,738,,
GASTO,PAGADO,2025-07-11,2025-07,2025-S28,EQUIPOS,ESTRUCTURA,FERRETERIA LAS ANTILLAS,COMPRA DE DOS PALUSTRA PARA FRISAR,N/A,USD,1,30,30,30,0,20,6,36,DIMAQUINAS C.A.,MERAKY,850,738,,
GASTO,PAGADO,2025-07-11,2025-07,2025-S28,MATERIALES,ALBAÑILERIA,FERRETERIA LAS ANTILLAS,COMPRA DE 300 BLOQUES DE 15 Y 80 BLOQUES DE 10,N/A,USD,1,328,328,328,0,20,65.60000000000001,393.59999999999997,DIMAQUINAS C.A.,MERAKY,850,738,,
GASTO,PAGADO,2025-07-11,2025-07,2025-S28,MATERIALES,ALBAÑILERIA,FERRETERIA LAS ANTILLAS,"COMPRA DE 5 TUBOS DE AN 3"" Y 5 TUBOS DE AN 2""",N/A,USD,1,175,175,175,0,20,35,210,DIMAQUINAS C.A.,MERAKY,850,738,,
GASTO,PAGADO,2025-07-11,2025-07,2025-S28,MATERIALES,ALBAÑILERIA,PLACA CENTRO,CHAPA VIROLA,N/A,USD,1,23,23,23,0,20,4.6000000000000005,27.599999999999998,DIMAQUINAS C.A.,MERAKY,850,738,,
GASTO,PAGADO,2025-07-11,2025-07,2025-S28,MATERIALES,ALBAÑILERIA,LUIS RODRIGUEZ,ALQUILER DE 12 MULETAS Y 8 CUARTONES,N/A,USD,1,120,120,120,0,20,24,144,DIMAQUINAS C.A.,MERAKY,850,738,,
GASTO,PAGADO,2025-07-11,2025-07,2025-S28,MATERIALES,ALBAÑILERIA,INVERSIONES ACROPOLIS,"15 ROLLOS DE ALAMBRE, 11 PARES DE GUANTES DE TELA",N/A,USD,1,74.17,74.17,74.17,0,20,14.834000000000001,89.004,DIMAQUINAS C.A.,MERAKY,850,738,,
GASTO,PAGADO,2025-07-11,2025-07,2025-S28,MATERIALES,ALBAÑILERIA,"INVERSIONES SORIMAYA, C.A","COMBRA DE 20 CABILLAS DE 3/8, 18 CABILLAS DE 1/2, 4 ROLLOS DE ALAMBRES",N/A,USD,1,526,526,526,0,20,105.2,631.1999999999999,DIMAQUINAS C.A.,MERAKY,850,738,,
GASTO,PAGADO,2025-07-11,2025-07,2025-S28,MATERIALES,PLOMERIA,IMPORTADORA AS,COMPRA DE MATERIAL DE PLOMERIA PARA BANOS,N/A,USD,1,611.07,611.07,611.07,0,20,122.21400000000001,733.284,DIMAQUINAS C.A.,MERAKY,850,738,,
GASTO,PAGADO,2025-07-11,2025-07,2025-S28,MATERIALES,ALBAÑILERIA,AV INGENIERIA,KIT DE MICROCEMNTO PARA PRUEBAS EN BANO,N/A,USD,1,102.37,102.37,102.37,0,20,20.474000000000004,122.844,DIMAQUINAS C.A.,MERAKY,850,738,,
GASTO,PAGADO,2025-07-11,2025-07,2025-S28,MATERIALES,PLOMERIA,FERRETERIA LAS ANTILLAS,COMPRA DE TUBOS ADICIONALES ELECTRIC,N/A,USD,1,62,62,62,0,20,12.4,74.39999999999999,DIMAQUINAS C.A.,MERAKY,850,738,,
GASTO,PAGADO,2025-07-11,2025-07,2025-S28,MATERIALES,ALBAÑILERIA,FERRETERIA LAS ANTILLAS,12 PARES DE GUANTES Y 1 RASTRILLO,N/A,USD,1,22,22,22,0,20,4.4,26.4,DIMAQUINAS C.A.,MERAKY,850,738,,
GASTO,PAGADO,2025-07-11,2025-07,2025-S28,MATERIALES,ALBAÑILERIA,LA TIENDA DEL PINTOR,"COMPRA DE PRIMER, MURO TIENDAS",N/A,USD,1,46,46,46,0,20,9.200000000000001,55.199999999999996,DIMAQUINAS C.A.,MERAKY,850,738,,
GASTO,PAGADO,2025-07-11,2025-07,2025-S28,MATERIALES,ALBAÑILERIA,FERRETERIA ACROPOLIS,10 ROLLOS DE ALAMBRE,N/A,USD,1,40,40,40,0,20,8,48,DIMAQUINAS C.A.,MERAKY,850,738,,
GASTO,PAGADO,2025-07-11,2025-07,2025-S28,MATERIALES,PLOMERIA,FERRETERIA ACROPOLIS,LLAVES DE PASO,N/A,USD,1,25,25,25,0,20,5,30,DIMAQUINAS C.A.,MERAKY,850,738,,
GASTO,PAGADO,2025-07-11,2025-07,2025-S28,MATERIALES,PLOMERIA,FERRETERIA ACROPOLIS,"24 PARES DE GUANTE, LLAVE DE BOLA, ADAPTADOR MACHO",N/A,USD,1,40.6,40.6,40.6,0,20,8.120000000000001,48.72,DIMAQUINAS C.A.,MERAKY,850,738,,
GASTO,PAGADO,2025-07-11,2025-07,2025-S28,MATERIALES,ESTRUCTURA,PROCODIMA,ALQUILER DE RANA COMPACTADORA (3 DIAS) SEMANA DEL01 AL 04,N/A,USD,1,75,75,75,0,20,15,90,DIMAQUINAS C.A.,MERAKY,850,738,,
GASTO,PAGADO,2025-07-11,2025-07,2025-S28,EQUIPOS,ESTRUCTURA,NEOMAR Y PEDRO,DEPOSITARIO Y COMPRAS QUINCENAL,N/A,USD,1,350,350,350,0,20,70,420,DIMAQUINAS C.A.,MERAKY,850,738,,
GASTO,PAGADO,2025-07-11,2025-07,2025-S28,MANO DE OBRA,ESTRUCTURA,GUACO APONTE,TRANSPORTE DE MATERIALES SEMANA 20/06,N/A,USD,1,150,150,150,0,20,30,180,DIMAQUINAS C.A.,MERAKY,850,738,,
GASTO,PAGADO,2025-07-11,2025-07,2025-S28,MANO DE OBRA,ALBAÑILERIA,PROCODIMA,ALQUILER DE CONTENEDOR SEMANA DEL 07 AL 11,N/A,USD,1,160,160,160,0,20,32,192,DIMAQUINAS C.A.,MERAKY,850,738,,
GASTO,PAGADO,2025-07-11,2025-07,2025-S28,EQUIPOS,ESTRUCTURA MADERA,CAROLINA ESTRUCTURA,COMPRA DE DOS VIGAS DE APAMATE,N/A,USD,1,320,320,320,0,20,64,384,DIMAQUINAS C.A.,MERAKY,850,738,,
GASTO,PAGADO,2025-07-11,2025-07,2025-S28,MATERIALES,ACABADOS,FREDY CORALINA,ABONO A FABRICACION DE CORALINA,N/A,USD,1,500,500,500,0,20,100,600,DIMAQUINAS C.A.,MERAKY,850,738,,
GASTO,PAGADO,2025-07-11,2025-07,2025-S28,MANO DE OBRA,ESTRUCTURA MADERA,CAROLINA ESTRUCTURA,ABONO ESTRUCTURAS DE MADERA CAROLINA,N/A,USD,1,2000,2000,2000,0,20,400,2400,DIMAQUINAS C.A.,MERAKY,850,738,,
GASTO,PAGADO,2025-07-11,2025-07,2025-S28,MANO DE OBRA,ALBAÑILERIA,CRISPIN,"ABONO MANO DE OBRA ALBAÑILERIA, ELECTRICIDAD Y PLOMERIA",N/A,USD,1,3200,3200,3200,0,20,640,3840,DIMAQUINAS C.A.,MERAKY,850,738,,
GASTO,PAGADO,2025-07-11,2025-07,2025-S28,MANO DE OBRA,ALBAÑILERIA,CRISPIN,TRANSPORTE OBREROS SEMANAL,N/A,USD,1,200,200,200,0,20,40,240,DIMAQUINAS C.A.,MERAKY,850,738,,
GASTO,PAGADO,2025-07-11,2025-07,2025-S28,TRANSPORTE,PLOMERIA,EUROSTONE,COMPRA DE DOS DUCHAS DORADAS,N/A,USD,1,720,720,720,0,20,144,864,DIMAQUINAS C.A.,MERAKY,850,738,,
GASTO,PAGADO,2025-07-18,2025-07,2025-S29,MATERIALES,ESTRUCTURA,PROCODIMA,3 VIAJES DE BOTE DE ESCOMBROS,N/A,USD,1,150,150,150,0,20,30,180,DIMAQUINAS C.A.,MERAKY,850,738,,
GASTO,PAGADO,2025-07-18,2025-07,2025-S29,TRANSPORTE,ESTRUCTURA,PROCODIMA,3 VIAJES DE TRANSPORTE DE MADERA A GALPON GUARAME,N/A,USD,1,90,90,90,0,20,18,108,DIMAQUINAS C.A.,MERAKY,850,738,,
GASTO,PAGADO,2025-07-18,2025-07,2025-S29,TRANSPORTE,ESTRUCTURA,AMARO ARENA,1 CAMION DE ARENA LAVADA DE 10 M3,N/A,USD,1,588,588,588,0,20,117.60000000000001,705.6,DIMAQUINAS C.A.,MERAKY,850,738,,
GASTO,PAGADO,2025-07-18,2025-07,2025-S29,MATERIALES,ALBAÑILERIA,PROCODIMA,CAMION DE 7 M3 DE ARENA FINA PARA FRISO,N/A,USD,1,140,140,140,0,20,28,168,DIMAQUINAS C.A.,MERAKY,850,738,,
GASTO,PAGADO,2025-07-18,2025-07,2025-S29,MATERIALES,ESTRUCTURA,DIMAQUINAS,CAMIONE DE RELLENO DE 10 M3,N/A,USD,1,100,100,100,0,20,20,120,DIMAQUINAS C.A.,MERAKY,850,738,,
GASTO,PAGADO,2025-07-18,2025-07,2025-S29,MATERIALES,ALBAÑILERIA,MATERIALES MANZANILLO,8 M3 DE PIEDRA PICADA,N/A,USD,1,200,200,200,0,20,40,240,DIMAQUINAS C.A.,MERAKY,850,738,,
GASTO,PAGADO,2025-07-18,2025-07,2025-S29,MATERIALES,ALBAÑILERIA,PROCODIMA,ALQUILER DE CONTENEDOR SEMANA 180725,N/A,USD,1,80,80,80,0,20,16,96,DIMAQUINAS C.A.,MERAKY,850,738,,
GASTO,PAGADO,2025-07-18,2025-07,2025-S29,EQUIPOS,ESTRUCTURA,DIMAQUINAS,ALQUILER DE RANA COMPACTADORA (2 DIAS) SEMANA  DEL (11 AL 18),N/A,USD,1,120,120,120,0,20,24,144,DIMAQUINAS C.A.,MERAKY,850,738,,
GASTO,PAGADO,2025-07-18,2025-07,2025-S29,EQUIPOS,ESTRUCTURA,DIMAQUINAS,ALQUILER DE TROMPO (4 DIAS) SEMANA 1 DEL (17 AL 20),N/A,USD,1,150,150,150,0,20,30,180,DIMAQUINAS C.A.,MERAKY,850,738,,
GASTO,PAGADO,2025-07-18,2025-07,2025-S29,EQUIPOS,ALBAÑILERIA,FERRETERIA LAS ANTILLAS,"COMPRA DE 200 BLOQUES GRISES Y 50 BLOQUES ROJOS, FAC. 461",N/A,USD,1,212.5,212.5,212.5,0,20,42.5,255,DIMAQUINAS C.A.,MERAKY,850,738,,
GASTO,PAGADO,2025-07-18,2025-07,2025-S29,MATERIALES,ALBAÑILERIA,DANIEL VALDERRAMA,"COMPRA DE DOS PALETAS DE CEMENTO (VACIADO LOSA DE ENTRADA A TIENDAS, FRISOS)",N/A,USD,1,864,864,864,0,20,172.8,1036.8,DIMAQUINAS C.A.,MERAKY,850,738,,
GASTO,PAGADO,2025-07-18,2025-07,2025-S29,MATERIALES,ALBAÑILERIA,DANIEL VALDERRAMA,COMPRA DE 16 SACOS DE CEMENTO ADICIONALES,N/A,USD,1,144,144,144,0,20,28.8,172.79999999999998,DIMAQUINAS C.A.,MERAKY,850,738,,
GASTO,PAGADO,2025-07-18,2025-07,2025-S29,MATERIALES,ALBAÑILERIA,FERRETERIA LAS ANTILLAS,COMPRA DE 110 BLOUQES DE CONCRETO DE 15 CM,N/A,USD,1,104,104,104,0,20,20.8,124.8,DIMAQUINAS C.A.,MERAKY,850,738,,
GASTO,PAGADO,2025-07-18,2025-07,2025-S29,MATERIALES,ALBAÑILERIA,FERRETERIA LAS ANTILLAS,"COMPRA DE 40 SACOS DE CAL, TILOSA Y MALLA TRUCSON",N/A,USD,1,315,315,315,0,20,63,378,DIMAQUINAS C.A.,MERAKY,850,738,,
GASTO,PAGADO,2025-07-18,2025-07,2025-S29,MATERIALES,ALBAÑILERIA,FERRETERIA LAS ANTILLAS,COMPRA DE 20 SACOS DE PEGO GRIS,N/A,USD,1,64,64,64,0,20,12.8,76.8,DIMAQUINAS C.A.,MERAKY,850,738,,
GASTO,PAGADO,2025-07-18,2025-07,2025-S29,MATERIALES,ALBAÑILERIA,MATERIALES MANZANILLO,"COMPRA DE DRYWALL, PARALES, TORNILLOS(TECHO DE BAÑOS)",N/A,USD,1,208.89,208.89,208.89,0,20,41.778,250.66799999999998,DIMAQUINAS C.A.,MERAKY,850,738,,
GASTO,PAGADO,2025-07-18,2025-07,2025-S29,MATERIALES,ALBAÑILERIA,LUIS RODRIGUEZ,"ALQUILER DE ANDAMIOS, PLATAFORMAS Y CUARTONES",N/A,USD,1,232,232,232,0,20,46.400000000000006,278.4,DIMAQUINAS C.A.,MERAKY,850,738,,
GASTO,PAGADO,2025-07-18,2025-07,2025-S29,EQUIPOS,ESTRUCTURA,PROCODIMA,ALQUILER DE ENCOFRADOS SEMANA 11 AL 18 DE JULIO,N/A,USD,1,120,120,120,0,20,24,144,DIMAQUINAS C.A.,MERAKY,850,738,,
GASTO,PAGADO,2025-07-18,2025-07,2025-S29,EQUIPOS,ALBAÑILERIA,FERRETERIA LAS ANTILLAS,1 KILO DE FIBRA Y LAPIZ CARPINTERO,N/A,USD,1,28,28,28,0,20,5.6000000000000005,33.6,DIMAQUINAS C.A.,MERAKY,850,738,,
GASTO,PAGADO,2025-07-18,2025-07,2025-S29,EQUIPOS,ALBAÑILERIA,FERRETERIA LAS ANTILLAS,"COMPRA DE 300 BLOQUES GRISES DE 15 Y 80 BLOQUES DE 10, FAC. 426",N/A,USD,1,329,329,329,0,20,65.8,394.8,DIMAQUINAS C.A.,MERAKY,850,738,,
GASTO,PAGADO,2025-07-18,2025-07,2025-S29,MATERIALES,ALBAÑILERIA,FERRETERIA LAS ANTILLAS,COMPRA DE DOS PALUSTRAS,N/A,USD,1,30.13,30.13,30.13,0,20,6.026,36.156,DIMAQUINAS C.A.,MERAKY,850,738,,
GASTO,PAGADO,2025-07-18,2025-07,2025-S29,MATERIALES,PLOMERIA,INVERSIONES ACROPOLIS,CONEXIONES DE AGUA FRIA Y AGUAS NEGRAS,N/A,USD,1,62,62,62,0,20,12.4,74.39999999999999,DIMAQUINAS C.A.,MERAKY,850,738,,
GASTO,PAGADO,2025-07-18,2025-07,2025-S29,MATERIALES,PLOMERIA,INVERSIONES ACROPOLIS,"5 KG DE YESO, REDUCCION, COCO, TEFLON ADAPTADOR MACHO",N/A,USD,1,48,48,48,0,20,9.600000000000001,57.599999999999994,DIMAQUINAS C.A.,MERAKY,850,738,,
GASTO,PAGADO,2025-07-18,2025-07,2025-S29,MATERIALES,PLOMERIA,INVERSIONES ACROPOLIS,5 TEE DE AGUAS NEGRAS,N/A,USD,1,16,16,16,0,20,3.2,19.2,DIMAQUINAS C.A.,MERAKY,850,738,,
GASTO,PAGADO,2025-07-18,2025-07,2025-S29,MATERIALES,ELECTRICIDAD,CASA LED,"CABLES, ABRAZADERA TABLERO",N/A,USD,1,350,350,350,0,20,70,420,DIMAQUINAS C.A.,MERAKY,850,738,,
GASTO,PAGADO,2025-07-18,2025-07,2025-S29,MATERIALES,ALBAÑILERIA,INVERSIONES ACROPOLIS,"COMPRA DE 24 PARES DE GUANTES, 10 ROLLOS DE ALMAMBRE, TOBOS DE ALBAÑIL, CAJETINES OCTOGONALES",N/A,USD,1,146,146,146,0,20,29.200000000000003,175.2,DIMAQUINAS C.A.,MERAKY,850,738,,
GASTO,PAGADO,2025-07-18,2025-07,2025-S29,MATERIALES,ALBAÑILERIA,ATAMOS FERREMARKET,COMPRA DE 120 BLOQUES DE ARCILLA DE 15 CM,N/A,USD,1,102,102,102,0,20,20.400000000000002,122.39999999999999,DIMAQUINAS C.A.,MERAKY,850,738,,
GASTO,PAGADO,2025-07-18,2025-07,2025-S29,MATERIALES,ESTRUCTURA,GUACO APONTE,TRANSPORTE DE MATERIALES SEMANA 20/06,N/A,USD,1,150,150,150,0,20,30,180,DIMAQUINAS C.A.,MERAKY,850,738,,
GASTO,PAGADO,2025-07-18,2025-07,2025-S29,MANO DE OBRA,ESTRUCTURA MADERA,CAROLINA ESTRUCTURA,ABONO ESTRUCTURAS DE MADERA CAROLINA,N/A,USD,1,2300,2300,2300,0,20,460,2760,DIMAQUINAS C.A.,MERAKY,850,738,,
GASTO,PAGADO,2025-07-18,2025-07,2025-S29,MANO DE OBRA,ALBAÑILERIA,CRISPIN,"ABONO MANO DE OBRA ALBAÑILERIA, ELECTRICIDAD Y PLOMERIA",N/A,USD,1,3014,3014,3014,0,20,602.8000000000001,3616.7999999999997,DIMAQUINAS C.A.,MERAKY,850,738,,
GASTO,PAGADO,2025-07-18,2025-07,2025-S29,MANO DE OBRA,ALBAÑILERIA,CRISPIN,TRANSPORTE OBREROS SEMANAL,N/A,USD,1,200,200,200,0,20,40,240,DIMAQUINAS C.A.,MERAKY,850,738,,
GASTO,PAGADO,2025-07-18,2025-07,2025-S29,MANO DE OBRA,ACABADOS,FREDY CORALINA,ABONO A FABRICACION DE CORALINA,N/A,USD,1,600,600,600,0,20,120,720,DIMAQUINAS C.A.,MERAKY,850,738,,
GASTO,PAGADO,2025-07-18,2025-07,2025-S29,MANO DE OBRA,ALBAÑILERIA,CAROLINA ESTRUCTURA,PAGO DE CAMIONES DE AGUA DE 5.000 LITROS (6 CAMIONES),N/A,USD,1,90,90,90,0,20,18,108,DIMAQUINAS C.A.,MERAKY,850,738,,
GASTO,PAGADO,2025-07-25,2025-07,2025-S30,MATERIALES,ACABADOS,FREDY CORALINA,ABONO CORALINA FABRICACION,N/A,USD,1,500,500,500,0,20,100,600,DIMAQUINAS C.A.,MERAKY,850,738,,
GASTO,PAGADO,2025-07-25,2025-07,2025-S30,MANO DE OBRA,ESTRUCTURA MADERA,CAROLINA ESTRUCTURA,ABONO MANO DE OBRA ESTRUCTURAS DE MADERA,N/A,USD,1,2300,2300,2300,0,20,460,2760,DIMAQUINAS C.A.,MERAKY,850,738,,
GASTO,PAGADO,2025-07-25,2025-07,2025-S30,MANO DE OBRA,EXTRACCION E INYECCION,OSCAR VINCET,ABONO A PRESUPUESTO DE EXTRACCION E INYECCION COCINA,N/A,USD,1,2800,2800,2800,0,20,560,3360,DIMAQUINAS C.A.,MERAKY,850,738,,
GASTO,PAGADO,2025-07-25,2025-07,2025-S30,CONTRATISTA,AIRES ACONDICIONADOS,FRAN AIRES,"ABONO ASUMINISTRO  COLOCACION DE TUBERIAS DE COBRE PARA AIRES ACONDICIONADO (3 AIRES, BAÑO, TIENDAS)",N/A,USD,1,500,500,500,0,20,100,600,DIMAQUINAS C.A.,MERAKY,850,738,,
GASTO,PAGADO,2025-07-25,2025-07,2025-S30,CONTRATISTA,ALBAÑILERIA,GUACO APONTE,TRANSPORTE DE MATERIALES SEMANA 20/06,N/A,USD,1,150,150,150,0,20,30,180,DIMAQUINAS C.A.,MERAKY,850,738,,
GASTO,PAGADO,2025-07-25,2025-07,2025-S30,MANO DE OBRA,ALBAÑILERIA,CRISPIN,TRANSPORTE OBREROS SEMANAL,N/A,USD,1,200,200,200,0,20,40,240,DIMAQUINAS C.A.,MERAKY,850,738,,
GASTO,PAGADO,2025-07-25,2025-07,2025-S30,TRANSPORTE,ALBAÑILERIA,CRISPIN,"ABONO MANO DE OBRA ALBAÑILERIA, ELECTRICIDAD Y PLOMERIA",N/A,USD,1,3400,3400,3400,0,20,680,4080,DIMAQUINAS C.A.,MERAKY,850,738,,
GASTO,PAGADO,2025-07-25,2025-07,2025-S30,MANO DE OBRA,TANQUE SEPTICO,CRISPIN,PAGO DE EXCAVACION DE TANQUE DE AGUAS SERVIDAS,N/A,USD,1,450,450,450,0,20,90,540,DIMAQUINAS C.A.,MERAKY,850,738,,
GASTO,PAGADO,2025-07-25,2025-07,2025-S30,MANO DE OBRA,ELECTRICIDAD,FERRESTE,COMPRA DE TUBERIA DE AGIUAS NEGRAS Y ELECTRICIDAD,N/A,USD,1,199.25,199.25,199.25,0,20,39.85,239.1,DIMAQUINAS C.A.,MERAKY,850,738,,
GASTO,PAGADO,2025-07-25,2025-07,2025-S30,MATERIALES,ALBAÑILERIA,FERRETERIA SANTA RITA,COMPRA DE 400 BLOQUES DE CONCRETO N 15,N/A,USD,1,280,280,280,0,20,56,336,DIMAQUINAS C.A.,MERAKY,850,738,,
GASTO,PAGADO,2025-07-25,2025-07,2025-S30,MATERIALES,ELECTRICIDAD,FERRETERIA SANTA RITA,COMPRA DE BOMBILLOS Y SOCATES,N/A,USD,1,8.19,8.19,8.19,0,20,1.638,9.828,DIMAQUINAS C.A.,MERAKY,850,738,,
GASTO,PAGADO,2025-07-25,2025-07,2025-S30,MATERIALES,PLOMERIA,FERRETERIA SANTA RITA,"COMPRA DE TUBERIA DE AGUAS NEGRAS, AGUA FRIA, ALAMAMBRE",N/A,USD,1,276,276,276,0,20,55.2,331.2,DIMAQUINAS C.A.,MERAKY,850,738,,
GASTO,PAGADO,2025-07-25,2025-07,2025-S30,MATERIALES,PLOMERIA,FREDY ARELLANO,COMPRA DE TANQUE DE AGUA REFORZADO CON ANILLOS  DE 5000 LITROS PARA AREA NUEVA,N/A,USD,1,1260,1260,1260,0,20,252,1512,DIMAQUINAS C.A.,MERAKY,850,738,,
GASTO,PAGADO,2025-07-25,2025-07,2025-S30,MATERIALES,ESTRUCTURA,FERRETERIA SANTA RITA,COMPRA DE 10 CABILLAS DE 10 CABILLAS DE 1/2 Y 30 CABILLAS DE 3/8,N/A,USD,1,347,347,347,0,20,69.4,416.4,DIMAQUINAS C.A.,MERAKY,850,738,,
GASTO,PAGADO,2025-07-25,2025-07,2025-S30,MATERIALES,ALBAÑILERIA,INVERSIONES ACROPOLIS,COMPRA DE 80 BLOQUES DE CONCRETO,N/A,USD,1,68,68,68,0,20,13.600000000000001,81.6,DIMAQUINAS C.A.,MERAKY,850,738,,
GASTO,PAGADO,2025-07-25,2025-07,2025-S30,MATERIALES,ALBAÑILERIA,INVERSIONES ACROPOLIS,"ALAMBRE, TIZA, Y GUANTES",N/A,USD,1,56.4,56.4,56.4,0,20,11.280000000000001,67.67999999999999,DIMAQUINAS C.A.,MERAKY,850,738,,
GASTO,PAGADO,2025-07-25,2025-07,2025-S30,MATERIALES,ALBAÑILERIA,INVERSIONES ACROPOLIS,COMPRA DE 400 BLOQUES DE 15,N/A,USD,1,280,280,280,0,20,56,336,DIMAQUINAS C.A.,MERAKY,850,738,,
GASTO,PAGADO,2025-07-25,2025-07,2025-S30,MATERIALES,ALBAÑILERIA,JULIAN,CINCO ROLLOS DE MANTO Y UN CUÑETE DE PRIMER (IMPERMEABILIZACION TECHOS TIENDAS),N/A,USD,1,423,423,423,0,20,84.60000000000001,507.59999999999997,DIMAQUINAS C.A.,MERAKY,850,738,,
GASTO,PAGADO,2025-07-25,2025-07,2025-S30,MATERIALES,TANQUE SEPTICO,MINIMARKET EL TAPAGUAPIRE,PRODUCTOS DE LIMPIEZA (TANQUE SEPTICO),N/A,USD,1,10,10,10,0,20,2,12,DIMAQUINAS C.A.,MERAKY,850,738,,
GASTO,PAGADO,2025-07-25,2025-07,2025-S30,MATERIALES,ELECTRICIDAD,DISTUPECA,"COMPRA TUBERIA ELECTRICA, VER FACTURA",N/A,USD,1,350.9,350.9,350.9,0,20,70.17999999999999,421.08,DIMAQUINAS C.A.,MERAKY,850,738,,
GASTO,PAGADO,2025-07-25,2025-07,2025-S30,MATERIALES,ESTRUCTURA,MATERIALES MANZANILLO,CAMION DE PIEDRA DE 14 M3,N/A,USD,1,350,350,350,0,20,70,420,DIMAQUINAS C.A.,MERAKY,850,738,,
GASTO,PAGADO,2025-07-25,2025-07,2025-S30,MATERIALES,ALBAÑILERIA,SAMUEL,CAMION DE ARENA PARA FRISO 8 M3,N/A,USD,1,250,250,250,0,20,50,300,DIMAQUINAS C.A.,MERAKY,850,738,,
GASTO,PAGADO,2025-07-25,2025-07,2025-S30,MATERIALES,ALBAÑILERIA,DANIEL VALDERRAMA,COMPRA DE DOS PALETAS DE CEMENTO,N/A,USD,1,864,864,864,0,20,172.8,1036.8,DIMAQUINAS C.A.,MERAKY,850,738,,
GASTO,PAGADO,2025-07-25,2025-07,2025-S30,MATERIALES,ALBAÑILERIA,DANIEL VALDERRAMA,COMPRA DE 8 SACOS DE CEMENTO,N/A,USD,1,72,72,72,0,20,14.4,86.39999999999999,DIMAQUINAS C.A.,MERAKY,850,738,,
GASTO,PAGADO,2025-07-25,2025-07,2025-S30,MATERIALES,ALBAÑILERIA,FERRETERIA SANTA RITA,COMPRA DE 120 BLOQUES DE ARCILLA DE 15 CM,N/A,USD,1,96,96,96,0,20,19.200000000000003,115.19999999999999,DIMAQUINAS C.A.,MERAKY,850,738,,
GASTO,PAGADO,2025-07-25,2025-07,2025-S30,MATERIALES,ALBAÑILERIA,CAROLINA ESTRUCTURA,8 CAMIONES DE AGUA DE 15.000 LITRSO,N/A,USD,1,120,120,120,0,20,24,144,DIMAQUINAS C.A.,MERAKY,850,738,,
GASTO,PAGADO,2025-07-25,2025-07,2025-S30,MATERIALES,ESTRUCTURA MADERA,CAROLINA ESTRUCTURA,COMPRA DE VIGAS DE MADERA (DOS VIGAS),N/A,USD,1,840,840,840,0,20,168,1008,DIMAQUINAS C.A.,MERAKY,850,738,,
GASTO,PAGADO,2025-07-25,2025-07,2025-S30,MATERIALES,ALBAÑILERIA,DANIEL VALDERRAMA,COMPRA DE 10 SACOS DE CEMENTO,N/A,USD,1,90,90,90,0,20,18,108,DIMAQUINAS C.A.,MERAKY,850,738,,
GASTO,PAGADO,2025-07-25,2025-07,2025-S30,MATERIALES,ESTRUCTURA,PROCODIMA,8 M3 DE ARENA LAVADA,N/A,USD,1,640,640,640,0,20,128,768,DIMAQUINAS C.A.,MERAKY,850,738,,
GASTO,PAGADO,2025-07-25,2025-07,2025-S30,MATERIALES,ALBAÑILERIA,FERRETERIA SANTA RITA,COMPRA DE 80 BLOQUES DE ARCILLA,N/A,USD,1,100,100,100,0,20,20,120,DIMAQUINAS C.A.,MERAKY,850,738,,
GASTO,PAGADO,2025-07-25,2025-07,2025-S30,MATERIALES,TANQUE SEPTICO,DISTUPECA,COMPRA DE MANGUERA DE 2 PULGADAS (TANQUE SEPTICO),N/A,USD,1,40,40,40,0,20,8,48,DIMAQUINAS C.A.,MERAKY,850,738,,
GASTO,PAGADO,2025-07-25,2025-07,2025-S30,MATERIALES,ALBAÑILERIA,DANIEL VALDERRAMA,COMPRA DE 15 SACOS DE CEMENTO,N/A,USD,1,135,135,135,0,20,27,162,DIMAQUINAS C.A.,MERAKY,850,738,,
GASTO,PAGADO,2025-07-25,2025-07,2025-S30,CONTRATISTA,CARPINTERIA,JESUS CARPINTERO,ABONO REPARACION DE VENTANAS DE MADERA Y PUERTAS,N/A,USD,1,300,300,300,0,20,60,360,DIMAQUINAS C.A.,MERAKY,850,738,,
GASTO,PAGADO,2025-07-25,2025-07,2025-S30,MATERIALES,ALBAÑILERIA,PROCODIMA,ALQUILER DE TROMPO SEMANA,N/A,USD,1,200,200,200,0,20,40,240,DIMAQUINAS C.A.,MERAKY,850,738,,
GASTO,PAGADO,2025-07-25,2025-07,2025-S30,EQUIPOS,ALBAÑILERIA,PROCODIMA,ALQUILER DE CONTENEDOR SEMANA DEL 20 AL 25,N/A,USD,1,80,80,80,0,20,16,96,DIMAQUINAS C.A.,MERAKY,850,738,,
GASTO,PAGADO,2025-07-25,2025-07,2025-S30,EQUIPOS,ESTRUCTURA,DIMAQUINAS,ALQUILER DE RANA COMPACTADORA (2 DIAS) SEMANA  DEL (20 AL 25),N/A,USD,1,120,120,120,0,20,24,144,DIMAQUINAS C.A.,MERAKY,850,738,,
GASTO,PAGADO,2025-07-25,2025-07,2025-S30,EQUIPOS,ALBAÑILERIA,JULIAN,ROLLO DE MANTO ADICIONAL,N/A,USD,1,60,60,60,0,20,12,72,DIMAQUINAS C.A.,MERAKY,850,738,,
GASTO,PAGADO,2025-07-25,2025-07,2025-S30,MATERIALES,ALBAÑILERIA,DANIEL VALDERRAMA,COMPRA DE DOS PALETAS DE CEMENTO,N/A,USD,1,864,864,864,0,20,172.8,1036.8,DIMAQUINAS C.A.,MERAKY,850,738,,
GASTO,PAGADO,2025-07-25,2025-07,2025-S30,MATERIALES,ESTRUCTURA MADERA,LUIS RODRIGUEZ,"ALQUILER DE 13 CUERPOS DE ANDAMIOS, CON PLATAFORMAS, Y TABLEROS (5 DIAS)",N/A,USD,1,260,260,260,0,20,52,312,DIMAQUINAS C.A.,MERAKY,850,738,,
GASTO,PAGADO,2025-08-01,2025-08,2025-S31,EQUIPOS,CARPINTERIA,JESUS CARPINTERO,"ABONO CARPINTERIA FABRICACION DE PUERTA PRINCIPAL, ESCALERA EDIFICIO PRINCIPAL CON DECK Y MOBILIARIO DE MADERA, MARCOS VENTANAS TIENDA",N/A,USD,1,10000,10000,10000,0,20,2000,12000,DIMAQUINAS C.A.,MERAKY,850,738,,
GASTO,PAGADO,2025-08-01,2025-08,2025-S31,CONTRATISTA,VIDRIOS,FREDDY PADRON,ABONO A FABRICACION E INSTALACION DE VENTANAS DE VIDRIO EN TIENDA,N/A,USD,1,1450,1450,1450,0,20,290,1740,DIMAQUINAS C.A.,MERAKY,850,738,,
GASTO,PAGADO,2025-08-01,2025-08,2025-S31,CONTRATISTA,ALBAÑILERIA,PROCODIMA,ALQUILER DE ENCOFRADOS Y CUARTONES SEMANA 26 AL 1 DE AGOSTO,N/A,USD,1,280,280,280,0,20,56,336,DIMAQUINAS C.A.,MERAKY,850,738,,
GASTO,PAGADO,2025-08-01,2025-08,2025-S31,EQUIPOS,ESTRUCTURA,PROCODIMA,ALQUILER DE ENCOFRADOS DEL 26 AL 1 DE AGOSTO,N/A,USD,1,120,120,120,0,20,24,144,DIMAQUINAS C.A.,MERAKY,850,738,,
GASTO,PAGADO,2025-08-01,2025-08,2025-S31,EQUIPOS,ALBAÑILERIA,DIMAQUINAS,TRASNPORTE DE MAQUINARIAS (MINISHOWELL),N/A,USD,1,150,150,150,0,20,30,180,DIMAQUINAS C.A.,MERAKY,850,738,,
GASTO,PAGADO,2025-08-01,2025-08,2025-S31,EQUIPOS,ALBAÑILERIA,"LAVEREDA, C.A.",ALQUILER DE MINISHOWELL (3 DIAS) DE JUEVES A SABADO,N/A,USD,1,450,450,450,0,20,90,540,DIMAQUINAS C.A.,MERAKY,850,738,,
GASTO,PAGADO,2025-08-01,2025-08,2025-S31,EQUIPOS,ALBAÑILERIA,DIMAQUINAS,ALQUILER DE RANA COMPACTADORA (3 DIAS) SEMANA 1 DEL (18 AL 20),N/A,USD,1,180,180,180,0,20,36,216,DIMAQUINAS C.A.,MERAKY,850,738,,
GASTO,PAGADO,2025-08-01,2025-08,2025-S31,EQUIPOS,ALBAÑILERIA,DIMAQUINAS,ALQUILER DE TROMPO (4 DIAS) SEMANA DEL 26 AL 01 DE AGOSTO,N/A,USD,1,200,200,200,0,20,40,240,DIMAQUINAS C.A.,MERAKY,850,738,,
GASTO,PAGADO,2025-08-01,2025-08,2025-S31,EQUIPOS,ALBAÑILERIA,PROCODIMA,ALQUILER DE CONTENEDOR SEMANA,N/A,USD,1,80,80,80,0,20,16,96,DIMAQUINAS C.A.,MERAKY,850,738,,
GASTO,PAGADO,2025-08-01,2025-08,2025-S31,EQUIPOS,ALBAÑILERIA,PROCODIMA,8 VIAJES DE BOTE DE ESCOMBROS,N/A,USD,1,400,400,400,0,20,80,480,DIMAQUINAS C.A.,MERAKY,850,738,,
GASTO,PAGADO,2025-08-01,2025-08,2025-S31,EQUIPOS,ALBAÑILERIA,PROCODIMA,2 VIAJES DE TRANSPORTE DE MADERA A GALPON GUARAME,N/A,USD,1,60,60,60,0,20,12,72,DIMAQUINAS C.A.,MERAKY,850,738,,
GASTO,PAGADO,2025-08-01,2025-08,2025-S31,EQUIPOS,ESTRUCTURA,AMARO ARENA,1 CAMION DE ARENA LAVADA DE 10 M3,N/A,USD,1,588,588,588,0,20,117.60000000000001,705.6,DIMAQUINAS C.A.,MERAKY,850,738,,
GASTO,PAGADO,2025-08-01,2025-08,2025-S31,MATERIALES,ALBAÑILERIA,DANIEL VALDERRAMA,COMPRA DE DOS PALETAS DE CEMENTO,N/A,USD,1,864,864,864,0,20,172.8,1036.8,DIMAQUINAS C.A.,MERAKY,850,738,,
GASTO,PAGADO,2025-08-01,2025-08,2025-S31,MATERIALES,ALBAÑILERIA,DANIEL VALDERRAMA,COMPRA DE 35 CABILLAS DE 1/2 Y 25 CABILLAS DE 3/8,N/A,USD,1,730,730,730,0,20,146,876,DIMAQUINAS C.A.,MERAKY,850,738,,
GASTO,PAGADO,2025-08-01,2025-08,2025-S31,MATERIALES,ESTRUCTURA,AMARO ARENA,CAMION DE ARENA LAVADA DE MATURIN 10 M3,N/A,USD,1,588,588,588,0,20,117.60000000000001,705.6,DIMAQUINAS C.A.,MERAKY,850,738,,
GASTO,PAGADO,2025-08-01,2025-08,2025-S31,MATERIALES,ALBAÑILERIA,TOMAS CANTERA,COMPRA DE CAMION DE ARENA FINA 8 M3,N/A,USD,1,210,210,210,0,20,42,252,DIMAQUINAS C.A.,MERAKY,850,738,,
GASTO,PAGADO,2025-08-01,2025-08,2025-S31,MATERIALES,ALBAÑILERIA,PROCODIMA,COMPRA DE CAMION DE ARENA GRUESA 8 M4,N/A,USD,1,211,211,211,0,20,42.2,253.2,DIMAQUINAS C.A.,MERAKY,850,738,,
GASTO,PAGADO,2025-08-01,2025-08,2025-S31,MATERIALES,ALBAÑILERIA,DISTUPECA,"COMPRA DE TUBERIA ELECTRICA, 10 TUBOS DE 1/2, 10 TUBOS DE 3/4, CURVAS, ETC",N/A,USD,1,117,117,117,0,20,23.400000000000002,140.4,DIMAQUINAS C.A.,MERAKY,850,738,,
GASTO,PAGADO,2025-08-01,2025-08,2025-S31,MATERIALES,ALBAÑILERIA,PROCODIMA,ALQUILER DE MARTILLO ELECTRICO SEMANA,N/A,USD,1,150,150,150,0,20,30,180,DIMAQUINAS C.A.,MERAKY,850,738,,
GASTO,PAGADO,2025-08-01,2025-08,2025-S31,MATERIALES,ESTRUCTURA,DANIEL VALDERRAMA,COMPRA DE 10 CABILLAS DE 1/2,N/A,USD,1,130,130,130,0,20,26,156,DIMAQUINAS C.A.,MERAKY,850,738,,
GASTO,PAGADO,2025-08-01,2025-08,2025-S31,MATERIALES,ESTRUCTURA,DANIEL VALDERRAMA,COMPRA DE 20 SACOS DE CEMENTO,N/A,USD,1,180,180,180,0,20,36,216,DIMAQUINAS C.A.,MERAKY,850,738,,
GASTO,PAGADO,2025-08-01,2025-08,2025-S31,MATERIALES,ALBAÑILERIA,AV INGENIERIA,COMPRA DE SELLADOR Y FRISO COLOR PARA MUESTRAS,N/A,USD,1,200,200,200,0,20,40,240,DIMAQUINAS C.A.,MERAKY,850,738,,
GASTO,PAGADO,2025-08-01,2025-08,2025-S31,MATERIALES,ALBAÑILERIA,DANIEL VALDERRAMA,COMPRA DE UNA PALETA DE CEMENTO,N/A,USD,1,432,432,432,0,20,86.4,518.4,DIMAQUINAS C.A.,MERAKY,850,738,,
GASTO,PAGADO,2025-08-01,2025-08,2025-S31,MATERIALES,ALBAÑILERIA,DISTUPECA,"TUBERIA ELECTRICA, 30 TUBOS, 20 CAJETINES, TUBO DE 2"", TUBO DE AN, CODOS, CONEXIONES",N/A,USD,1,366.05,366.05,366.05,0,20,73.21000000000001,439.26,DIMAQUINAS C.A.,MERAKY,850,738,,
GASTO,PAGADO,2025-08-01,2025-08,2025-S31,MATERIALES,ALBAÑILERIA,FERRETERIA LAS ANTILLAS,COMPRA DE 200 BLOQUES DE CONCRETO,N/A,USD,1,140,140,140,0,20,28,168,DIMAQUINAS C.A.,MERAKY,850,738,,
GASTO,PAGADO,2025-08-01,2025-08,2025-S31,MATERIALES,ALBAÑILERIA,FERRETERIA LAS ANTILLAS,"GUANTES, DISCO DE CORTE, ROLLO DE NYLON, ALAMBRE, HOJA DE CEGUETA",N/A,USD,1,124.3,124.3,124.3,0,20,24.86,149.16,DIMAQUINAS C.A.,MERAKY,850,738,,
GASTO,PAGADO,2025-08-01,2025-08,2025-S31,MATERIALES,ALBAÑILERIA,LA TIENDA DEL PINTOR,PEGA CEMENTO,N/A,USD,1,21.2,21.2,21.2,0,20,4.24,25.439999999999998,DIMAQUINAS C.A.,MERAKY,850,738,,
GASTO,PAGADO,2025-08-01,2025-08,2025-S31,MATERIALES,ALBAÑILERIA,FERRETERIA MUNDIAL,COMPRA DE CEPILLO Y FIBRA PARA CONCRETO,N/A,USD,1,53,53,53,0,20,10.600000000000001,63.599999999999994,DIMAQUINAS C.A.,MERAKY,850,738,,
GASTO,PAGADO,2025-08-01,2025-08,2025-S31,MATERIALES,ALBAÑILERIA,CANTERA SAN JUAN,"COMPRA DE REVESTIMIENTO DE LAJAS DE PIEDRA PARA AREA DE TIENDAS, 72 M2",N/A,USD,1,432,432,432,0,20,86.4,518.4,DIMAQUINAS C.A.,MERAKY,850,738,,
GASTO,PAGADO,2025-08-01,2025-08,2025-S31,MATERIALES,ALBAÑILERIA,FERRETERIA SORYMAR,COMPRA DE 10 KILOS DE ALAMBRE,N/A,USD,1,46.67,46.67,46.67,0,20,9.334000000000001,56.004,DIMAQUINAS C.A.,MERAKY,850,738,,
GASTO,PAGADO,2025-08-01,2025-08,2025-S31,MATERIALES,ALBAÑILERIA,LA TIENDA DEL PINTOR,COMPRA DE MANTO FLEX,N/A,USD,1,168.11,168.11,168.11,0,20,33.62200000000001,201.732,DIMAQUINAS C.A.,MERAKY,850,738,,
GASTO,PAGADO,2025-08-01,2025-08,2025-S31,MATERIALES,ALBAÑILERIA,LA TIENDA DEL PINTOR,GALON DE PEGA CEMENTO,N/A,USD,1,20.84,20.84,20.84,0,20,4.168,25.008,DIMAQUINAS C.A.,MERAKY,850,738,,
GASTO,PAGADO,2025-08-01,2025-08,2025-S31,MATERIALES,ALBAÑILERIA,GUACO APONTE,TRANSPORTE DE MATERIALES SEMANA 01/07,N/A,USD,1,150,150,150,0,20,30,180,DIMAQUINAS C.A.,MERAKY,850,738,,
GASTO,PAGADO,2025-08-01,2025-08,2025-S31,TRANSPORTE,ALBAÑILERIA,EL MONO,TRANSPORTE OBREROS SEMANAL,N/A,USD,1,200,200,200,0,20,40,240,DIMAQUINAS C.A.,MERAKY,850,738,,
GASTO,PAGADO,2025-08-01,2025-08,2025-S31,TRANSPORTE,ALBAÑILERIA,CRISPIN,"ABONO MANO DE OBRA ALBAÑILERIA, ELECTRICIDAD Y PLOMERIA",N/A,USD,1,4060,4060,4060,0,20,812,4872,DIMAQUINAS C.A.,MERAKY,850,738,,
GASTO,PAGADO,2025-08-01,2025-08,2025-S31,MANO DE OBRA,ALBAÑILERIA,ANIBAL,"ABONO MANO DE OBRA, INSTYALACION DE TECHO EN DRYWALL EN BAÑO",N/A,USD,1,180,180,180,0,20,36,216,DIMAQUINAS C.A.,MERAKY,850,738,,
GASTO,PAGADO,2025-08-01,2025-08,2025-S31,MANO DE OBRA,ALBAÑILERIA,NEOMAR,COMIDA OBREROS TRABAJOS VIERNES EN LA TARDE,N/A,USD,1,70.17,70.17,70.17,0,20,14.034,84.204,DIMAQUINAS C.A.,MERAKY,850,738,,
GASTO,PAGADO,2025-08-01,2025-08,2025-S31,INSUMOS,ESTRUCTURA MADERA,CAROLINA ESTRUCTURA,ABONO SEMANAL CAROLINA ESTRUCTURAS DE MADERA,N/A,USD,1,2300,2300,2300,0,20,460,2760,DIMAQUINAS C.A.,MERAKY,850,738,,
GASTO,PAGADO,2025-08-01,2025-08,2025-S31,CONTRATISTA,ALBAÑILERIA,NEOMAR Y PEDRO,DEPOSITARIO Y COMPRAS QUINCENAL,N/A,USD,1,350,350,350,0,20,70,420,DIMAQUINAS C.A.,MERAKY,850,738,,
GASTO,PAGADO,2025-08-01,2025-08,2025-S31,MANO DE OBRA,LAMPARAS,SRA ROSA,ABONO A FABRICACION DE LAMPARA TEJIDA GRANDE,N/A,USD,1,150,150,150,0,20,30,180,DIMAQUINAS C.A.,MERAKY,850,738,,
GASTO,PAGADO,2025-08-01,2025-08,2025-S31,CONTRATISTA,ACABADOS,FERRETERIA LAS ANTILLAS,"COMPRA DE 12 PARES DE GUANTES, 1 RODILLO",N/A,USD,1,25,25,25,0,20,5,30,DIMAQUINAS C.A.,MERAKY,850,738,,
GASTO,PAGADO,2025-08-01,2025-08,2025-S31,INSUMOS,ALBAÑILERIA,LA TIENDA DEL PINTOR,"COMPRA DE 5 KILOS DE YESO, TORNILLOS, LENETES Y ALAMBRE, FACT 4545",N/A,USD,1,105.32,105.32,105.32,0,20,21.064,126.38399999999999,DIMAQUINAS C.A.,MERAKY,850,738,,
GASTO,PAGADO,2025-08-01,2025-08,2025-S31,MATERIALES,ALBAÑILERIA,LA TIENDA DEL PINTOR,ALAMBRE GALVANIZADO Y DISCOS DE CORTE,N/A,USD,1,51.2,51.2,51.2,0,20,10.240000000000002,61.44,DIMAQUINAS C.A.,MERAKY,850,738,,
GASTO,PAGADO,2025-08-01,2025-08,2025-S31,MATERIALES,ALBAÑILERIA,PLACA CENTRO,COMPRA DE CHAPA VIROLA PLACA CENTRO. FACT24655,N/A,USD,1,23.15,23.15,23.15,0,20,4.63,27.779999999999998,DIMAQUINAS C.A.,MERAKY,850,738,,
GASTO,PAGADO,2025-08-01,2025-08,2025-S31,MATERIALES,ALBAÑILERIA,AUTOMERCADOS NOVA,"ALMUERZO OPERADORES Y OBREROS DIASSABADO, LIMPIEZA",N/A,USD,1,36.62,36.62,36.62,0,20,7.324,43.943999999999996,DIMAQUINAS C.A.,MERAKY,850,738,,
GASTO,PAGADO,2025-08-01,2025-08,2025-S31,INSUMOS,ESTRUCTURA,FERRETERIA LAS ANTILLAS,COMPRA DE SIKA ADITIVO PARA UNIR CONCRETO. FAC 553,N/A,USD,1,104,104,104,0,20,20.8,124.8,DIMAQUINAS C.A.,MERAKY,850,738,,
GASTO,PAGADO,2025-08-01,2025-08,2025-S31,MATERIALES,ESTRUCTURA,FERRETERIA LAS ANTILLAS,"COMPRA DE CEMENTO PLASTICO, GALON, FAC.552",N/A,USD,1,23,23,23,0,20,4.6000000000000005,27.599999999999998,DIMAQUINAS C.A.,MERAKY,850,738,,
GASTO,PAGADO,2025-08-01,2025-08,2025-S31,MATERIALES,ESTRUCTURA,FRAN AIRES,TUBERIA DE COBRE ADICIONAL  PARA INSTALACION DE AIRE BAÑO,N/A,USD,1,112.1,112.1,112.1,0,20,22.42,134.51999999999998,DIMAQUINAS C.A.,MERAKY,850,738,,
GASTO,PAGADO,2025-08-01,2025-08,2025-S31,MANO DE OBRA,ALBAÑILERIA,FERRETERIA LAS ANTILLAS,BROCHAS CEPILLO Y LIJAS,N/A,USD,1,17,17,17,0,20,3.4000000000000004,20.4,DIMAQUINAS C.A.,MERAKY,850,738,,
GASTO,PAGADO,2025-08-01,2025-08,2025-S31,MATERIALES,ALBAÑILERIA,FERRETERIA LAS ANTILLAS,COMPRA DE GALON DE SELLADOR,N/A,USD,1,40,40,40,0,20,8,48,DIMAQUINAS C.A.,MERAKY,850,738,,
GASTO,PAGADO,2025-08-02,2025-08,2025-S31,MATERIALES,ESTRUCTURA MADERA,CAROLINA ESTRUCTURA,COMPRA DE 20 PAQUETES DE CAÑA BRAVA ADICIONALES,N/A,USD,1,495.24,495.24,495.24,0,20,99.048,594.288,DIMAQUINAS C.A.,MERAKY,850,738,,
GASTO,PAGADO,2025-08-02,2025-08,2025-S31,MATERIALES,ESTRUCTURA,DANIEL VALDERRAMA,COMPRA DE 20 CABILLAS DE 1/2 Y 30 CABILLAS DE 3/8,N/A,USD,1,590,590,590,0,20,118,708,DIMAQUINAS C.A.,MERAKY,850,738,,
GASTO,PAGADO,2025-08-09,2025-08,2025-S32,MATERIALES,ALBAÑILERIA,PLACA CENTRO,"COMPRA DE OKUME PARA ENCOFRAR, FACT 24668",N/A,USD,1,17.6,17.6,17.6,0,20,3.5200000000000005,21.12,DIMAQUINAS C.A.,MERAKY,850,738,,
GASTO,PAGADO,2025-08-09,2025-08,2025-S32,MATERIALES,ALBAÑILERIA,LA TIENDA DEL PINTOR,"ROLLO DE ALAMBRE, LIJA, 10 MPARES DE GUANTES",N/A,USD,1,66.12,66.12,66.12,0,20,13.224000000000002,79.34400000000001,DIMAQUINAS C.A.,MERAKY,850,738,,
GASTO,PAGADO,2025-08-09,2025-08,2025-S32,MATERIALES,PLOMERIA,FERRESTE,"DESAGUE PARA PISO, FACT. 743",N/A,USD,1,7.96,7.96,7.96,0,20,1.592,9.552,DIMAQUINAS C.A.,MERAKY,850,738,,
GASTO,PAGADO,2025-08-09,2025-08,2025-S32,MATERIALES,ACABADOS,JULIAN,"COMPRA DE PASTA PROFESIONAL PREMIUM, ANTIALCALINO, RODILLO, FUNDA",N/A,USD,1,252.29,252.29,252.29,0,20,50.458,302.748,DIMAQUINAS C.A.,MERAKY,850,738,,
GASTO,PAGADO,2025-08-09,2025-08,2025-S32,MATERIALES,ALBAÑILERIA,FERRETERIA LAS ANTILLAS,COMPRA DE 30 BLOQUES DE ARCILLA N° 15,N/A,USD,1,24.75,24.75,24.75,0,20,4.95,29.7,DIMAQUINAS C.A.,MERAKY,850,738,,
GASTO,PAGADO,2025-08-09,2025-08,2025-S32,MATERIALES,ACABADOS,FERRETERIA LAS ANTILLAS,"30 SACOS DE PEGO, 3 CUÑETES DE PASTA",N/A,USD,1,220,220,220,0,20,44,264,DIMAQUINAS C.A.,MERAKY,850,738,,
GASTO,PAGADO,2025-08-09,2025-08,2025-S32,MATERIALES,ACABADOS,FERRETERIA LAS ANTILLAS,DISCO DE CORTE PARA CONCRETO,N/A,USD,1,3.92,3.92,3.92,0,20,0.784,4.704,DIMAQUINAS C.A.,MERAKY,850,738,,
GASTO,PAGADO,2025-08-09,2025-08,2025-S32,MATERIALES,ALBAÑILERIA,TIENDA DEL PINTOR,"DISCO DE CORTE, ESPATULAS, CEPILLO DE ALAMBRE, BROCHAS, ROLLO DE ALAMBRE",N/A,USD,1,186.16,186.16,186.16,0,20,37.232,223.392,DIMAQUINAS C.A.,MERAKY,850,738,,
GASTO,PAGADO,2025-08-09,2025-08,2025-S32,MATERIALES,ACABADOS,TIENDA DEL PINTOR,"PINTURA DE CAUCHO, TIRRO, BROCHAS, LIJA, FAC. 4612",N/A,USD,1,169.31,169.31,169.31,0,20,33.862,203.172,DIMAQUINAS C.A.,MERAKY,850,738,,
GASTO,PAGADO,2025-08-09,2025-08,2025-S32,MATERIALES,ACABADOS,TIENDA DEL PINTOR,"FUNDA TIRROS BROCHAS, FAC. 4610",N/A,USD,1,17.87,17.87,17.87,0,20,3.5740000000000003,21.444,DIMAQUINAS C.A.,MERAKY,850,738,,
GASTO,PAGADO,2025-08-09,2025-08,2025-S32,MATERIALES,ALBAÑILERIA,TIENDA DEL PINTOR,"DISCO DE CORTE, ALAMBRE",N/A,USD,1,50.44,50.44,50.44,0,20,10.088000000000001,60.52799999999999,DIMAQUINAS C.A.,MERAKY,850,738,,
GASTO,PAGADO,2025-08-09,2025-08,2025-S32,MATERIALES,TANQUE SEPTICO,DANIEL VALDERRAMA,COMPRA DE 30 CABILLAS DE 3/8 Y 20 CABILLAS DE 1/2,N/A,USD,1,590,590,590,0,20,118,708,DIMAQUINAS C.A.,MERAKY,850,738,,
GASTO,PAGADO,2025-08-09,2025-08,2025-S32,MATERIALES,ESTRUCTURA,CAROLINA ESTRUCTURA,SURTIDO DE AGUA 7 VIAJES,N/A,USD,1,105,105,105,0,20,21,126,DIMAQUINAS C.A.,MERAKY,850,738,,
GASTO,PAGADO,2025-08-09,2025-08,2025-S32,INSUMOS,ACABADOS,AV INGENIERIA,"COMPRA DE 6 SACOS DE DAREX COLOR CHAMPANG, MICROMENTO PAREDES BAÑOS",N/A,USD,1,626.53,626.53,626.53,0,20,125.306,751.8359999999999,DIMAQUINAS C.A.,MERAKY,850,738,,
GASTO,PAGADO,2025-08-09,2025-08,2025-S32,MATERIALES,TANQUE SEPTICO,DANIEL VALDERRAMA,COMPRA DE DOS PALETAS DE CEMENTO,N/A,USD,1,864,864,864,0,20,172.8,1036.8,DIMAQUINAS C.A.,MERAKY,850,738,,
GASTO,PAGADO,2025-08-09,2025-08,2025-S32,MATERIALES,TANQUE SEPTICO,TOMAS CANTERA,"COMPRA DE CAMION DE PIEDRA DE 8M3, Y CAMION DE ARENA DE 8 M3",N/A,USD,1,450,450,450,0,20,90,540,DIMAQUINAS C.A.,MERAKY,850,738,,
GASTO,PAGADO,2025-08-09,2025-08,2025-S32,MATERIALES,TANQUE SEPTICO,FERRETERIA LAS ANTILLAS,COMPRA DE 100 BLOQUES DE CEMENTO,N/A,USD,1,80,80,80,0,20,16,96,DIMAQUINAS C.A.,MERAKY,850,738,,
GASTO,PAGADO,2025-08-09,2025-08,2025-S32,MATERIALES,ESTRUCTURA MADERA,LUIS RODRIGUEZ,"ALQUILER DE ANDAMIOS, PLATAFORMAS Y CUARTONES",N/A,USD,1,260,260,260,0,20,52,312,DIMAQUINAS C.A.,MERAKY,850,738,,
GASTO,PAGADO,2025-08-09,2025-08,2025-S32,MATERIALES,ALBAÑILERIA,FERRETERIA LAS ANTILLAS,3 DESTAPA CAÑERIA,N/A,USD,1,21,21,21,0,20,4.2,25.2,DIMAQUINAS C.A.,MERAKY,850,738,,
GASTO,PAGADO,2025-08-09,2025-08,2025-S32,MATERIALES,ALBAÑILERIA,INGRID FERRETERIA,2 KG DE CLAVOS GALVANISADOS,N/A,USD,1,28,28,28,0,20,5.6000000000000005,33.6,DIMAQUINAS C.A.,MERAKY,850,738,,
GASTO,PAGADO,2025-08-09,2025-08,2025-S32,MATERIALES,ALBAÑILERIA,FERRETERIA LAS ANTILLAS,2 KILOS DE TILOSA,N/A,USD,1,50,50,50,0,20,10,60,DIMAQUINAS C.A.,MERAKY,850,738,,
GASTO,PAGADO,2025-08-09,2025-08,2025-S32,EQUIPOS,ESTRUCTURA MADERA,PROCODIMA,"ALQUILER DE RANA COMPACTADORA, DOS DIAS",N/A,USD,1,120,120,120,0,20,24,144,DIMAQUINAS C.A.,MERAKY,850,738,,
GASTO,PAGADO,2025-08-09,2025-08,2025-S32,EQUIPOS,TANQUE SEPTICO,GUACO APONTE,TRANSPORTE DE MATERIALES SEMANA 01/07,N/A,USD,1,150,150,150,0,20,30,180,DIMAQUINAS C.A.,MERAKY,850,738,,
GASTO,PAGADO,2025-08-09,2025-08,2025-S32,TRANSPORTE,TANQUE SEPTICO,EL MONO,TRANSPORTE OBREROS SEMANAL,N/A,USD,1,200,200,200,0,20,40,240,DIMAQUINAS C.A.,MERAKY,850,738,,
GASTO,PAGADO,2025-08-09,2025-08,2025-S32,TRANSPORTE,TANQUE SEPTICO,PROCODIMA,ALQUILER DE ENCOFRADOS Y CUARTONES SEMANA 26 AL 1 DE AGOSTO,N/A,USD,1,200,200,200,0,20,40,240,DIMAQUINAS C.A.,MERAKY,850,738,,
GASTO,PAGADO,2025-08-09,2025-08,2025-S32,EQUIPOS,TANQUE SEPTICO,DIMAQUINAS,ALQUILER DE DOS MARTILLOS PARA DEMOLICIONES (2 DIAS),N/A,USD,1,160,160,160,0,20,32,192,DIMAQUINAS C.A.,MERAKY,850,738,,
GASTO,PAGADO,2025-08-09,2025-08,2025-S32,EQUIPOS,TANQUE SEPTICO,DIMAQUINAS,ALQUILER DE TROMPO (4 DIAS) SEMANA DEL 26 AL 01 DE AGOSTO,N/A,USD,1,200,200,200,0,20,40,240,DIMAQUINAS C.A.,MERAKY,850,738,,
GASTO,PAGADO,2025-08-09,2025-08,2025-S32,EQUIPOS,TANQUE SEPTICO,PROCODIMA,ALQUILER DE CONTENEDOR SEMANA,N/A,USD,1,80,80,80,0,20,16,96,DIMAQUINAS C.A.,MERAKY,850,738,,
GASTO,PAGADO,2025-08-09,2025-08,2025-S32,EQUIPOS,ACABADOS,WILFREDO LAJA,ABONO MANO DE OBRA COLOCACION DE LAJA,N/A,USD,1,250,250,250,0,20,50,300,DIMAQUINAS C.A.,MERAKY,850,738,,
GASTO,PAGADO,2025-08-09,2025-08,2025-S32,MANO DE OBRA,ACABADOS,CASA INTELIGENTE,CONSTRUCCION DE REJA PROTECTORA PARA EQUIPOS DE EXTRACCION E INYECCION,N/A,USD,1,120,120,120,0,20,24,144,DIMAQUINAS C.A.,MERAKY,850,738,,
GASTO,PAGADO,2025-08-09,2025-08,2025-S32,MANO DE OBRA,ACABADOS,CRISPIN,"ABONO MANO DE OBRA ALBAÑILERIA, ELECTRICIDAD Y PLOMERIA",N/A,USD,1,4676,4676,4676,0,20,935.2,5611.2,DIMAQUINAS C.A.,MERAKY,850,738,,
GASTO,PAGADO,2025-08-09,2025-08,2025-S32,MANO DE OBRA,ACABADOS,ANIBAL,"ABONO MANO DE OBRA, COLOCACION DE MICROCEMENTO EN BAÑO",N/A,USD,1,240,240,240,0,20,48,288,DIMAQUINAS C.A.,MERAKY,850,738,,
GASTO,PAGADO,2025-08-09,2025-08,2025-S32,MANO DE OBRA,ESTRUCTURA MADERA,CAROLINA ESTRUCTURA,ABONO CAROLINA ESTRUCTURAS DE MADERA,N/A,USD,1,2300,2300,2300,0,20,460,2760,DIMAQUINAS C.A.,MERAKY,850,738,,
GASTO,PAGADO,2025-08-09,2025-08,2025-S32,MANO DE OBRA,TANQUE SEPTICO,PROCODIMA,COMPRA DE 20 SACOS DE CEMENTO,N/A,USD,1,180,180,180,0,20,36,216,DIMAQUINAS C.A.,MERAKY,850,738,,
GASTO,PAGADO,2025-08-09,2025-08,2025-S32,MATERIALES,MURO CICLOPEO,CAROLINA ESTRUCTURA,COMPRA DE CAMION DE PIEDRA BRUTA,N/A,USD,1,200,200,200,0,20,40,240,DIMAQUINAS C.A.,MERAKY,850,738,,
GASTO,PAGADO,2025-08-09,2025-08,2025-S32,MATERIALES,ACABADOS,FREDY CORALINA,ABONO FREDY CORALINA,N/A,USD,1,200,200,200,0,20,40,240,DIMAQUINAS C.A.,MERAKY,850,738,,
GASTO,PAGADO,2025-08-15,2025-08,2025-S33,MANO DE OBRA,ESTRUCTURA,PLACA CENTRO,"COMPRA DE LAMINAS DE PLYWOOD, DISCO DE CORTE Y CLAVOS",N/A,USD,1,223.13,223.13,223.13,0,20,44.626000000000005,267.756,DIMAQUINAS C.A.,MERAKY,850,738,,
GASTO,PAGADO,2025-08-15,2025-08,2025-S33,MATERIALES,ACABADOS,AV INGENIERIA,COMPRA DE DOS KIT DE DAREX COLOR CHAMPANG,N/A,USD,1,210.88,210.88,210.88,0,20,42.176,253.05599999999998,DIMAQUINAS C.A.,MERAKY,850,738,,
GASTO,PAGADO,2025-08-15,2025-08,2025-S33,MATERIALES,ESTRUCTURA MADERA,CAROLINA ESTRUCTURA,MADERA PARA FABRICACION DE ESTRUCTURA DEL BAR,N/A,USD,1,4628.17,4628.17,4628.17,0,20,925.634,5553.804,DIMAQUINAS C.A.,MERAKY,850,738,,
GASTO,PAGADO,2025-08-15,2025-08,2025-S33,MATERIALES,CASA GUARAME,FRAN AIRES,MOBILIZACION DE AIRE EN CUARTO  PRINCIPAL CASA GUARAME,N/A,USD,1,325,325,325,0,20,65,390,DIMAQUINAS C.A.,MERAKY,850,738,,
GASTO,PAGADO,2025-08-15,2025-08,2025-S33,MATERIALES,ALBAÑILERIA,FERRETERIA ACROPOLIS,"DISCO DE CORTE, CODO CLAVOS, ALAMBRE, TAPA BOCAS",N/A,USD,1,74.61,74.61,74.61,0,20,14.922,89.532,DIMAQUINAS C.A.,MERAKY,850,738,,
GASTO,PAGADO,2025-08-15,2025-08,2025-S33,MATERIALES,ESTRUCTURA,ADA WALL,"COMPRA DE 36 LAMINAS DE POLIURETANO PARA CUBIERTA DE TECHOS DE MADERA, 17 PERFILES TIPO U, 45 PERFILES TIPO H, CINTA",N/A,USD,1,8191.44,8191.44,8191.44,0,20,1638.288,9829.728,DIMAQUINAS C.A.,MERAKY,850,738,,
GASTO,PAGADO,2025-08-15,2025-08,2025-S33,MATERIALES,ESTRUCTURA,FERRETERIA SORYMAR,COMPRA DE LAMINAS DE ZEN ZEN,N/A,USD,1,51.34,51.34,51.34,0,20,10.268,61.608000000000004,DIMAQUINAS C.A.,MERAKY,850,738,,
GASTO,PAGADO,2025-08-15,2025-08,2025-S33,MATERIALES,PLOMERIA,PROSEIN,COMPRA DE 5 POCETAS,N/A,USD,1,1553.28,1553.28,1553.28,0,20,310.656,1863.936,DIMAQUINAS C.A.,MERAKY,850,738,,
GASTO,PAGADO,2025-08-15,2025-08,2025-S33,MATERIALES,TANQUE SEPTICO,DANIEL VALDERRAMA,COMPRA DE DOS PALETAS DE CEMENTO,N/A,USD,1,864,864,864,0,20,172.8,1036.8,DIMAQUINAS C.A.,MERAKY,850,738,,
GASTO,PAGADO,2025-08-15,2025-08,2025-S33,MATERIALES,ALBAÑILERIA,TOMAS CANTERA,"COMPRA DE ARENA LAVADA DE MATURIN, 8 M3",N/A,USD,1,640,640,640,0,20,128,768,DIMAQUINAS C.A.,MERAKY,850,738,,
GASTO,PAGADO,2025-08-15,2025-08,2025-S33,MATERIALES,ALBAÑILERIA,TOMAS CANTERA,"COMPRA DE ARROCILLO, 8 M3",N/A,USD,1,260,260,260,0,20,52,312,DIMAQUINAS C.A.,MERAKY,850,738,,
GASTO,PAGADO,2025-08-15,2025-08,2025-S33,MATERIALES,ALBAÑILERIA,LUIS RODRIGUEZ,"ALQUILER DE ANDAMIOS, PLATAFORMAS Y CUARTONES",N/A,USD,1,45,45,45,0,20,9,54,DIMAQUINAS C.A.,MERAKY,850,738,,
GASTO,PAGADO,2025-08-15,2025-08,2025-S33,MATERIALES,ESTRUCTURA MADERA,CASA INTELIGENTE,"ANDAMIOS, PLATAFORMAS, INSTALACION DE LAMINAS DE POLIURETANO, ABONO",N/A,USD,1,1050,1050,1050,0,20,210,1260,DIMAQUINAS C.A.,MERAKY,850,738,,
GASTO,PAGADO,2025-08-15,2025-08,2025-S33,CONTRATISTA,ACABADOS,ANIBAL,COLOCACION DE MICROCEMENTO EN BAÑOS,N/A,USD,1,220,220,220,0,20,44,264,DIMAQUINAS C.A.,MERAKY,850,738,,
GASTO,PAGADO,2025-08-15,2025-08,2025-S33,MANO DE OBRA,ESTRUCTURA MADERA,PLACA CENTRO,COMPRA DE TORNILLOS Y SILICON PARA INSTALACION DE LAMINAS DE POLIURETANO,N/A,USD,1,137.04,137.04,137.04,0,20,27.408,164.44799999999998,DIMAQUINAS C.A.,MERAKY,850,738,,
GASTO,PAGADO,2025-08-15,2025-08,2025-S33,MATERIALES,ESTRUCTURA MADERA,PLACA CENTRO,COMPRA DE TABLA TEKA PARA NIVELACION DE LAMINAS DE POLIURETANO,N/A,USD,1,188.28,188.28,188.28,0,20,37.656,225.936,DIMAQUINAS C.A.,MERAKY,850,738,,
GASTO,PAGADO,2025-08-15,2025-08,2025-S33,MATERIALES,ELECTRICIDAD,LA TIENDA DEL PINTOR,TEIPE ELECTRICO,N/A,USD,1,5.58,5.58,5.58,0,20,1.116,6.696,DIMAQUINAS C.A.,MERAKY,850,738,,
GASTO,PAGADO,2025-08-15,2025-08,2025-S33,MATERIALES,ACABADOS,FERRESTE,"BROCHA, CAMISA Y RODILLO",N/A,USD,1,24.43,24.43,24.43,0,20,4.886,29.316,DIMAQUINAS C.A.,MERAKY,850,738,,
GASTO,PAGADO,2025-08-15,2025-08,2025-S33,MATERIALES,ALBAÑILERIA,FERRESTE,"ABRAZADERAS, CLAVOS DE ACERO, RAMPLUG",N/A,USD,1,20.9,20.9,20.9,0,20,4.18,25.08,DIMAQUINAS C.A.,MERAKY,850,738,,
GASTO,PAGADO,2025-08-15,2025-08,2025-S33,MATERIALES,ELECTRICIDAD,IMPORTADORA AS 2050,"COMPRA DE UN ROLLO DE CABLE 12, CABLE 14",N/A,USD,1,151.95,151.95,151.95,0,20,30.39,182.33999999999997,DIMAQUINAS C.A.,MERAKY,850,738,,
GASTO,PAGADO,2025-08-15,2025-08,2025-S33,MATERIALES,ELECTRICIDAD,SUMINISTROS ELECTRICOS REAL,SPOTS PARA EL BAÑO,N/A,USD,1,33.63,33.63,33.63,0,20,6.726000000000001,40.356,DIMAQUINAS C.A.,MERAKY,850,738,,
GASTO,PAGADO,2025-08-15,2025-08,2025-S33,MATERIALES,ALBAÑILERIA,FERRETERIA SANTA RITA,COMPRA DE 200 BLOQUES DE CONCRETO DE 15 CM,N/A,USD,1,140,140,140,0,20,28,168,DIMAQUINAS C.A.,MERAKY,850,738,,
GASTO,PAGADO,2025-08-15,2025-08,2025-S33,MATERIALES,ALBAÑILERIA,GUACO APONTE,TRANSPORTE DE MATERIALES SEMANA 01/07,N/A,USD,1,150,150,150,0,20,30,180,DIMAQUINAS C.A.,MERAKY,850,738,,
GASTO,PAGADO,2025-08-15,2025-08,2025-S33,MANO DE OBRA,ALBAÑILERIA,EL MONO,TRANSPORTE OBREROS SEMANAL,N/A,USD,1,200,200,200,0,20,40,240,DIMAQUINAS C.A.,MERAKY,850,738,,
GASTO,PAGADO,2025-08-15,2025-08,2025-S33,MANO DE OBRA,ALBAÑILERIA,PROCODIMA,ALQUILER DE ENCOFRADOS Y CUARTONES SEMANA 26 AL 1 DE AGOSTO,N/A,USD,1,200,200,200,0,20,40,240,DIMAQUINAS C.A.,MERAKY,850,738,,
GASTO,PAGADO,2025-08-15,2025-08,2025-S33,EQUIPOS,ALBAÑILERIA,DIMAQUINAS,ALQUILER DE  MARTILLOS PARA DEMOLICIONES (3 DIAS),N/A,USD,1,120,120,120,0,20,24,144,DIMAQUINAS C.A.,MERAKY,850,738,,
GASTO,PAGADO,2025-08-15,2025-08,2025-S33,EQUIPOS,ALBAÑILERIA,DIMAQUINAS,ALQUILER DE TROMPO (4 DIAS) SEMANA DEL 26 AL 01 DE AGOSTO,N/A,USD,1,200,200,200,0,20,40,240,DIMAQUINAS C.A.,MERAKY,850,738,,
GASTO,PAGADO,2025-08-15,2025-08,2025-S33,EQUIPOS,ALBAÑILERIA,PROCODIMA,ALQUILER DE CONTENEDOR SEMANA,N/A,USD,1,80,80,80,0,20,16,96,DIMAQUINAS C.A.,MERAKY,850,738,,
GASTO,PAGADO,2025-08-15,2025-08,2025-S33,EQUIPOS,ALBAÑILERIA,NEOMAR Y PEDRO,DEPOSITARIO Y COMPRAS QUINCENAL,N/A,USD,1,350,350,350,0,20,70,420,DIMAQUINAS C.A.,MERAKY,850,738,,
GASTO,PAGADO,2025-08-15,2025-08,2025-S33,MANO DE OBRA,ESTRUCTURA MADERA,CASA INTELIGENTE,INSTALACION DE LAMINAS DE POLIURETANO,N/A,USD,1,600,600,600,0,20,120,720,DIMAQUINAS C.A.,MERAKY,850,738,,
GASTO,PAGADO,2025-08-15,2025-08,2025-S33,CONTRATISTA,ALBAÑILERIA,CAROLINA ESTRUCTURA,ABONO MANO DE OBRA CAROLINA ESTRUCTURAS DE MADERA,N/A,USD,1,2300,2300,2300,0,20,460,2760,DIMAQUINAS C.A.,MERAKY,850,738,,
GASTO,PAGADO,2025-08-15,2025-08,2025-S33,MANO DE OBRA,ALBAÑILERIA,CRISPIN,"ABONO MANO DE OBRA ALBAÑILERIA, ESTRUCTURA, ELECTRICIDAD, PLOMERIA",N/A,USD,1,4680,4680,4680,0,20,936,5616,DIMAQUINAS C.A.,MERAKY,850,738,,
GASTO,PAGADO,2025-08-15,2025-08,2025-S33,MANO DE OBRA,ACABADOS,AV INGENIERIA,COMPRA DE DOS SACOS ADICIONALES DE DAREX COLOR CHAMPAG Y UN GALON DE SELLADOR,N/A,USD,1,307.44,307.44,307.44,0,20,61.488,368.928,DIMAQUINAS C.A.,MERAKY,850,738,,
GASTO,PAGADO,2025-08-15,2025-08,2025-S33,MATERIALES,ALBAÑILERIA,LUIS RODRIGUEZ,"ALQUILER DE ANDAMIOS, PLATAFORMAS Y CUARTONES",N/A,USD,1,150,150,150,0,20,30,180,DIMAQUINAS C.A.,MERAKY,850,738,,
GASTO,PAGADO,2025-08-15,2025-08,2025-S33,EQUIPOS,ACABADOS,WILFREDO LAJA,MANO DE OBRA INSTALACION DE LAJAS EN TIENDAS,N/A,USD,1,200,200,200,0,20,40,240,DIMAQUINAS C.A.,MERAKY,850,738,,
GASTO,PAGADO,2025-08-15,2025-08,2025-S33,MANO DE OBRA,ALBAÑILERIA,LUIS MANTO,MANO DE OBRA REPARACION DE MANTO EN ZONA DE RESTAURANT,N/A,USD,1,100,100,100,0,20,20,120,DIMAQUINAS C.A.,MERAKY,850,738,,
GASTO,PAGADO,2025-08-15,2025-08,2025-S33,MANO DE OBRA,ALBAÑILERIA,PROCODIMA,COMPRA DE UNA PALETA DE CEMENTO,N/A,USD,1,432,432,432,0,20,86.4,518.4,DIMAQUINAS C.A.,MERAKY,850,738,,
GASTO,PAGADO,2025-08-15,2025-08,2025-S33,MATERIALES,ACABADOS,"SENSACOLOR MAGTA, C.A.","COMPRA DE PASTA, CUÑETE, ANTIALCALINO, RODILLO, FACT. 0166",N/A,USD,1,243.51,243.51,243.51,0,20,48.702,292.212,DIMAQUINAS C.A.,MERAKY,850,738,,
GASTO,PAGADO,2025-08-15,2025-08,2025-S33,MATERIALES,ALBAÑILERIA,"SENSACOLOR MAGTA, C.A.","20 SACOS DE PEGO, 3 CUÑETES DE PASTA",N/A,USD,1,205.37,205.37,205.37,0,20,41.074000000000005,246.444,DIMAQUINAS C.A.,MERAKY,850,738,,
GASTO,PAGADO,2025-08-15,2025-08,2025-S33,MATERIALES,ALBAÑILERIA,"SENSACOLOR MAGTA, C.A.","6 ROLLOS DE MANTO, 1 CUÑETE DE PRIMER, FACT. 0165",N/A,USD,1,374.79,374.79,374.79,0,20,74.95800000000001,449.748,DIMAQUINAS C.A.,MERAKY,850,738,,
GASTO,PAGADO,2025-08-15,2025-08,2025-S33,MATERIALES,ALBAÑILERIA,FERRETERIA LAS ANTILLAS,COMPRA DE 150 BLOQUES DE CONCRETO,N/A,USD,1,105,105,105,0,20,21,126,DIMAQUINAS C.A.,MERAKY,850,738,,
GASTO,PAGADO,2025-08-15,2025-08,2025-S33,MATERIALES,ALBAÑILERIA,FERRETERIA LAS ANTILLAS,COMPRA DE 12 BLOQUES DE ARCILLA,N/A,USD,1,10.2,10.2,10.2,0,20,2.04,12.239999999999998,DIMAQUINAS C.A.,MERAKY,850,738,,
GASTO,PAGADO,2025-08-15,2025-08,2025-S33,MATERIALES,ALBAÑILERIA,FERRETERIA LAS ANTILLAS,"COMPRA DE 10 ROLLOSA DE ALAMBRE, 10 DISCOS DE CORTE, CODOS",N/A,USD,1,130.05,130.05,130.05,0,20,26.010000000000005,156.06,DIMAQUINAS C.A.,MERAKY,850,738,,
GASTO,PAGADO,2025-08-15,2025-08,2025-S33,MATERIALES,ACABADOS,PIACHE LAJAS,COMPRA DE 8 M2 ADICIONALES DE LAJA DE PIEDRA,N/A,USD,1,48,48,48,0,20,9.600000000000001,57.599999999999994,DIMAQUINAS C.A.,MERAKY,850,738,,
GASTO,PAGADO,2025-08-15,2025-08,2025-S33,MATERIALES,EXTRACCION E INYECCION,OSCAR VINCET,ABONO EXTRACCION E INYECCION,N/A,USD,1,2500,2500,2500,0,20,500,3000,DIMAQUINAS C.A.,MERAKY,850,738,,
GASTO,PAGADO,2025-08-15,2025-08,2025-S33,CONTRATISTA,ALBAÑILERIA,GENARO LUCIANO,19 VIAJES DE BOTE DE ESCOMBROS,N/A,USD,1,475,475,475,0,20,95,570,DIMAQUINAS C.A.,MERAKY,850,738,,
GASTO,PAGADO,2025-08-15,2025-08,2025-S33,EQUIPOS,ALBAÑILERIA,PROCODIMA,"ALQUILER DE RETROEXCAVADORA 1 DIA, MAS TRANSPORTE",N/A,USD,1,300,300,300,0,20,60,360,DIMAQUINAS C.A.,MERAKY,850,738,,
GASTO,PAGADO,2025-08-15,2025-08,2025-S33,EQUIPOS,GUARAME,GENARO LUCIANO,VACUM LIMPIEZA DE TANQUE SEPTICO GUARAME,N/A,USD,1,150,150,150,0,20,30,180,DIMAQUINAS C.A.,MERAKY,850,738,,
GASTO,PAGADO,2025-08-15,2025-08,2025-S33,EQUIPOS,ALBAÑILERIA,TOMAS CANTERA,CAMION DE 8 M3 DE ARENA DE MACANAO,N/A,USD,1,210,210,210,0,20,42,252,DIMAQUINAS C.A.,MERAKY,850,738,,
GASTO,PAGADO,2025-08-15,2025-08,2025-S33,MATERIALES,ALBAÑILERIA,TOMAS CANTERA,CAMION DE PIEDRA DE 8 M3,N/A,USD,1,470,470,470,0,20,94,564,DIMAQUINAS C.A.,MERAKY,850,738,,
GASTO,PAGADO,2025-08-15,2025-08,2025-S33,MATERIALES,ALBAÑILERIA,DANIEL VALDERRAMA,COMPRA DE DOS PALETAS DE CEMENTO,N/A,USD,1,864,864,864,0,20,172.8,1036.8,DIMAQUINAS C.A.,MERAKY,850,738,,
GASTO,PAGADO,2025-08-15,2025-08,2025-S33,MATERIALES,ELECTRICIDAD,DISTUPECA,"COMPRA DE 20 TUBOS DE 1/2, 10 CURVAS, 4 CAJETINES",N/A,USD,1,115.8,115.8,115.8,0,20,23.16,138.95999999999998,DIMAQUINAS C.A.,MERAKY,850,738,,
GASTO,PAGADO,2025-08-15,2025-08,2025-S33,MATERIALES,ELECTRICIDAD,FERRETERIA LAS ANTILLAS,"LIJAS, LIMPIADOR DE TUBERIAS, TAPA DE REGISTRO",N/A,USD,1,30,30,30,0,20,6,36,DIMAQUINAS C.A.,MERAKY,850,738,,
GASTO,PAGADO,2025-08-23,2025-08,2025-S34,MATERIALES,ESTRUCTURA MADERA,CASA INTELIGENTE,INSTALACION DE LAMINAS DE POLIURETANO,N/A,USD,1,650,650,650,0,20,130,780,DIMAQUINAS C.A.,MERAKY,850,738,,
GASTO,PAGADO,2025-08-23,2025-08,2025-S34,CONTRATISTA,ALBAÑILERIA,PROCODIMA,ALQUILER DE CONTENEDOR SEMANA,N/A,USD,1,80,80,80,0,20,16,96,DIMAQUINAS C.A.,MERAKY,850,738,,
GASTO,PAGADO,2025-08-23,2025-08,2025-S34,CONTRATISTA,ALBAÑILERIA,DIMAQUINAS,ALQUILER DE TROMPO (2 DIAS) SEMANA,N/A,USD,1,100,100,100,0,20,20,120,DIMAQUINAS C.A.,MERAKY,850,738,,
GASTO,PAGADO,2025-08-23,2025-08,2025-S34,EQUIPOS,ALBAÑILERIA,DIMAQUINAS,ALQUILER DE  MARTILLOS PARA DEMOLICIONES (3 DIAS),N/A,USD,1,120,120,120,0,20,24,144,DIMAQUINAS C.A.,MERAKY,850,738,,
GASTO,PAGADO,2025-08-23,2025-08,2025-S34,EQUIPOS,ALBAÑILERIA,PROCODIMA,ALQUILER DE ENCOFRADOS Y CUARTONES SEMANA,N/A,USD,1,200,200,200,0,20,40,240,DIMAQUINAS C.A.,MERAKY,850,738,,
GASTO,PAGADO,2025-08-23,2025-08,2025-S34,EQUIPOS,ALBAÑILERIA,LUIS RODRIGUEZ,"ALQUILER DE ANDAMIOS, PLATAFORMAS Y CUARTONES",N/A,USD,1,64,64,64,0,20,12.8,76.8,DIMAQUINAS C.A.,MERAKY,850,738,,
GASTO,PAGADO,2025-08-23,2025-08,2025-S34,EQUIPOS,ALBAÑILERIA,GUACO APONTE,TRANSPORTE DE MATERIALES SEMANA 01/07,N/A,USD,1,150,150,150,0,20,30,180,DIMAQUINAS C.A.,MERAKY,850,738,,
GASTO,PAGADO,2025-08-23,2025-08,2025-S34,MANO DE OBRA,ALBAÑILERIA,EL MONO,TRANSPORTE OBREROS SEMANAL,N/A,USD,1,200,200,200,0,20,40,240,DIMAQUINAS C.A.,MERAKY,850,738,,
GASTO,PAGADO,2025-08-23,2025-08,2025-S34,MANO DE OBRA,ALBAÑILERIA,PROCODIMA,TRANSPORTE DE RETROEXCAVADORA,N/A,USD,1,150,150,150,0,20,30,180,DIMAQUINAS C.A.,MERAKY,850,738,,
GASTO,PAGADO,2025-08-23,2025-08,2025-S34,TRANSPORTE,ALBAÑILERIA,PROCODIMA,ALQUILER DE RETROEXCAVADORA (1 DIA),N/A,USD,1,200,200,200,0,20,40,240,DIMAQUINAS C.A.,MERAKY,850,738,,
GASTO,PAGADO,2025-08-23,2025-08,2025-S34,TRANSPORTE,ALBAÑILERIA,GRUAS ROMULO,GRUA PARA TRANSPORTE DE CONTENEDOR,N/A,USD,1,450,450,450,0,20,90,540,DIMAQUINAS C.A.,MERAKY,850,738,,
GASTO,PAGADO,2025-08-23,2025-08,2025-S34,TRANSPORTE,ALBAÑILERIA,GUACO APONTE,ESCOLTA PARA MAQUINAS,N/A,USD,1,100,100,100,0,20,20,120,DIMAQUINAS C.A.,MERAKY,850,738,,
GASTO,PAGADO,2025-08-23,2025-08,2025-S34,TRANSPORTE,ESTRUCTURA MADERA,CAROLINA ESTRUCTURA,ABONO MANO DE OBRA CAROLINA ESTRUCTURAS DE MADERA,N/A,USD,1,2300,2300,2300,0,20,460,2760,DIMAQUINAS C.A.,MERAKY,850,738,,
GASTO,PAGADO,2025-08-23,2025-08,2025-S34,MANO DE OBRA,ELECTRICIDAD,CRISPIN,"ABONO MANO DE OBRA ALBAÑILERIA, ESTRUCTURA, ELECTRICIDAD, PLOMERIA",N/A,USD,1,3000,3000,3000,0,20,600,3600,DIMAQUINAS C.A.,MERAKY,850,738,,
GASTO,PAGADO,2025-08-23,2025-08,2025-S34,MANO DE OBRA,ACABADOS,JESUS CARPINTERO,ABONO A TRABAJOS DE CARPINTERIA,N/A,USD,1,1000,1000,1000,0,20,200,1200,DIMAQUINAS C.A.,MERAKY,850,738,,
GASTO,PAGADO,2025-08-23,2025-08,2025-S34,CONTRATISTA,ALBAÑILERIA,TOMAS CANTERA,CAMION DE 8 M3 DE ARENA PARA SOBREPISO,N/A,USD,1,270,270,270,0,20,54,324,DIMAQUINAS C.A.,MERAKY,850,738,,
GASTO,PAGADO,2025-08-23,2025-08,2025-S34,MATERIALES,ALBAÑILERIA,FERRETERIA ACROPOLIS,COMPRA DE DOS LAMINAS DE ZEN ZEN,N/A,USD,1,22,22,22,0,20,4.4,26.4,DIMAQUINAS C.A.,MERAKY,850,738,,
GASTO,PAGADO,2025-08-23,2025-08,2025-S34,MATERIALES,ACABADOS,WILFREDO LAJA,PAGO FINAL COLOCACION DE LAJAS DE PIEDRA EN PISOS,N/A,USD,1,450,450,450,0,20,90,540,DIMAQUINAS C.A.,MERAKY,850,738,,
GASTO,PAGADO,2025-08-23,2025-08,2025-S34,MANO DE OBRA,ELECTRICIDAD,CASA LED,COMPRA DE LAMPARAS PARA CUARTO DE BOMBAS Y SERVICIO,N/A,USD,1,167.84,167.84,167.84,0,20,33.568000000000005,201.408,DIMAQUINAS C.A.,MERAKY,850,738,,
GASTO,PAGADO,2025-08-23,2025-08,2025-S34,MATERIALES,ACABADOS,LA TIENDA DEL PINTOR,"TTINTE, SALLADOR, FONDO, PINTURA",N/A,USD,1,270,270,270,0,20,54,324,DIMAQUINAS C.A.,MERAKY,850,738,,
GASTO,PAGADO,2025-08-23,2025-08,2025-S34,MATERIALES,ACABADOS,LA TIENDA DEL PINTOR,COMPRA DE LENTES PERSONAL,N/A,USD,1,6.4,6.4,6.4,0,20,1.2800000000000002,7.68,DIMAQUINAS C.A.,MERAKY,850,738,,
GASTO,PAGADO,2025-08-23,2025-08,2025-S34,MATERIALES,ACABADOS,LA TIENDA DEL PINTOR,COMPRA DE TEIPE,N/A,USD,1,5.8,5.8,5.8,0,20,1.16,6.96,DIMAQUINAS C.A.,MERAKY,850,738,,
GASTO,PAGADO,2025-08-23,2025-08,2025-S34,MATERIALES,ACABADOS,FERRETERIA ACROPOLIS,"COMPRA DE DOS KILOS DE TILOSA, FIBRA, DESESNGRASANTE.",N/A,USD,1,27.65,27.65,27.65,0,20,5.53,33.18,DIMAQUINAS C.A.,MERAKY,850,738,,
GASTO,PAGADO,2025-08-23,2025-08,2025-S34,MATERIALES,ALBAÑILERIA,DANIEL VALDERRAMA,COMPRA DE DOS PALETAS DE CEMENTO,N/A,USD,1,864,864,864,0,20,172.8,1036.8,DIMAQUINAS C.A.,MERAKY,850,738,,
GASTO,PAGADO,2025-08-23,2025-08,2025-S34,MATERIALES,ACABADOS,FERRETERIA ACROPOLIS,"10 LIJAS, GRASA, DESAGUE, CEMENTO BLANCO",N/A,USD,1,117.32,117.32,117.32,0,20,23.464,140.784,DIMAQUINAS C.A.,MERAKY,850,738,,
GASTO,PAGADO,2025-08-23,2025-08,2025-S34,MATERIALES,ACABADOS,PROCODIMA,"BOTE DE ESCOMBROS, MOVILIZACION DE ARENA Y PIEDRA",N/A,USD,1,120,120,120,0,20,24,144,DIMAQUINAS C.A.,MERAKY,850,738,,
GASTO,PAGADO,2025-08-23,2025-08,2025-S34,TRANSPORTE,ACABADOS,INVERSIONES BARCELONA ORIENTE C.A.,"COMIDA OBREROS TRABAJOS VIERNES EN LA TARDE, LIMPIEZA",N/A,USD,1,89.03,89.03,89.03,0,20,17.806,106.836,DIMAQUINAS C.A.,MERAKY,850,738,,
GASTO,PAGADO,2025-08-29,2025-08,2025-S35,INSUMOS,TANQUE SEPTICO,HIDROCAVEN,PAGO ESTACION DE BOMBEO (VER PRESUPUESTO),N/A,USD,1,5510,5510,5510,0,20,1102,6612,DIMAQUINAS C.A.,MERAKY,850,738,,
GASTO,PAGADO,2025-08-29,2025-08,2025-S35,CONTRATISTA,AIRES ACONDICIONADOS,FRAN AIRES,PAGO TRES EQUIPOS DE AIRE TIPO SPLIT (FALTA COMPRAR EL AIRE DE LA COCINA),N/A,USD,1,2520,2520,2520,0,20,504,3024,DIMAQUINAS C.A.,MERAKY,850,738,,
GASTO,PAGADO,2025-08-29,2025-08,2025-S35,CONTRATISTA,ALBAÑILERIA,CRISPIN,LIQUIDACION DE PERSONAL OBRERO (15 PERSONAS),N/A,USD,1,1633,1633,1633,0,20,326.6,1959.6,DIMAQUINAS C.A.,MERAKY,850,738,,
GASTO,PAGADO,2025-08-29,2025-08,2025-S35,MANO DE OBRA,ALBAÑILERIA,BLOQUERA CONSTRUSUEÑO,COMPRA DE BLOQUES DE 200 BLOQUES DE CONCRETO,N/A,USD,1,140.03,140.03,140.03,0,20,28.006,168.036,DIMAQUINAS C.A.,MERAKY,850,738,,
GASTO,PAGADO,2025-08-29,2025-08,2025-S35,MATERIALES,ESTRUCTURA MADERA,PLACA CENTRO,ALFAJILLAS PARA LAMINAS DE POLIURETANO,N/A,USD,1,72.03,72.03,72.03,0,20,14.406,86.43599999999999,DIMAQUINAS C.A.,MERAKY,850,738,,
GASTO,PAGADO,2025-08-29,2025-08,2025-S35,MATERIALES,ALBAÑILERIA,CRISPIN,LIQUIDACION PERSONAL OBRERO (3 PERSONAS),N/A,USD,1,356.91,356.91,356.91,0,20,71.382,428.29200000000003,DIMAQUINAS C.A.,MERAKY,850,738,,
GASTO,PAGADO,2025-08-29,2025-08,2025-S35,MANO DE OBRA,ALBAÑILERIA,LUIS RODRIGUEZ,"ALQUILER DE ANDAMIOS, PLATAFORMAS Y CUARTONES",N/A,USD,1,64,64,64,0,20,12.8,76.8,DIMAQUINAS C.A.,MERAKY,850,738,,
GASTO,PAGADO,2025-08-29,2025-08,2025-S35,EQUIPOS,ALBAÑILERIA,DIMAQUINAS,ALQUILER DE TROMPO (5 DIAS) SEMANA DEL 25 AL 29 DE AGOSTO (SOBREPISO CORALINA),N/A,USD,1,250,250,250,0,20,50,300,DIMAQUINAS C.A.,MERAKY,850,738,,
GASTO,PAGADO,2025-08-29,2025-08,2025-S35,EQUIPOS,ALBAÑILERIA,DIMAQUINAS,ALQUILER DE  MARTILLOS PARA DEMOLICIONES (2 DIAS),N/A,USD,1,80,80,80,0,20,16,96,DIMAQUINAS C.A.,MERAKY,850,738,,
GASTO,PAGADO,2025-08-29,2025-08,2025-S35,EQUIPOS,ALBAÑILERIA,PROCODIMA,ALQUILER DE ENCOFRADOS Y CUARTONES SEMANA 25 AL 28 DE AGOSTO,N/A,USD,1,200,200,200,0,20,40,240,DIMAQUINAS C.A.,MERAKY,850,738,,
GASTO,PAGADO,2025-08-29,2025-08,2025-S35,EQUIPOS,ALBAÑILERIA,GUACO APONTE,TRANSPORTE DE MATERIALES SEMANA 01/07,N/A,USD,1,150,150,150,0,20,30,180,DIMAQUINAS C.A.,MERAKY,850,738,,
GASTO,PAGADO,2025-08-29,2025-08,2025-S35,MANO DE OBRA,ALBAÑILERIA,EL MONO,TRANSPORTE OBREROS SEMANAL,N/A,USD,1,200,200,200,0,20,40,240,DIMAQUINAS C.A.,MERAKY,850,738,,
GASTO,PAGADO,2025-08-29,2025-08,2025-S35,MANO DE OBRA,ESTRUCTURA MADERA,CASA INTELIGENTE,INSTALACION DE LAMINAS DE POLIURETANO,N/A,USD,1,650,650,650,0,20,130,780,DIMAQUINAS C.A.,MERAKY,850,738,,
GASTO,PAGADO,2025-08-29,2025-08,2025-S35,MATERIALES,ALBAÑILERIA,FERRETERIA SANTA RITA,"MANTO ASFALTICO, CEMENTO PLASTICO, BLOQUES",N/A,USD,1,520.54,520.54,520.54,0,20,104.108,624.6479999999999,DIMAQUINAS C.A.,MERAKY,850,738,,
GASTO,PAGADO,2025-08-29,2025-08,2025-S35,MATERIALES,ACABADOS,LA TIENDA DEL PINTOR,"DOS CUÑETES DE PASTA PROFESIONAL, BROCHAS, ETC",N/A,USD,1,115.66,115.66,115.66,0,20,23.132,138.792,DIMAQUINAS C.A.,MERAKY,850,738,,
GASTO,PAGADO,2025-08-29,2025-08,2025-S35,MATERIALES,ACABADOS,LA TIENDA DEL PINTOR,COMPRA DE SACOS 60 SACOS DE PEGO,N/A,USD,1,206.24,206.24,206.24,0,20,41.248000000000005,247.488,DIMAQUINAS C.A.,MERAKY,850,738,,
GASTO,PAGADO,2025-08-29,2025-08,2025-S35,MATERIALES,SANITARIAS,EUROSTONE,COMPRA DE DOS LAVAMANOS DECORATIVOS,N/A,USD,1,838.85,838.85,838.85,0,20,167.77,1006.62,DIMAQUINAS C.A.,MERAKY,850,738,,
GASTO,PAGADO,2025-08-29,2025-08,2025-S35,MATERIALES,ACABADOS,EUROSTONE,COMPRA DE CERAMICA DECORATIVA PARA PARED DE BAÑO Y MURO EN DUCHAS,N/A,USD,1,2544.19,2544.19,2544.19,0,20,508.838,3053.028,DIMAQUINAS C.A.,MERAKY,850,738,,
GASTO,PAGADO,2025-08-29,2025-08,2025-S35,MATERIALES,SANITARIAS,VALERIO,DESTAPE DE TUBERIA DE AGUAS SERVIDAS EN CLUB DE PLAYA (GUAYA),N/A,USD,1,68.76,68.76,68.76,0,20,13.752000000000002,82.512,DIMAQUINAS C.A.,MERAKY,850,738,,
GASTO,PAGADO,2025-08-29,2025-08,2025-S35,MANO DE OBRA,SANITARIAS,FERRETERIA ACROPOLIS,"CLAVOS, ALAMBRE, CEGUETAS, CLORO, FACT.1432",N/A,USD,1,118.89,118.89,118.89,0,20,23.778000000000002,142.668,DIMAQUINAS C.A.,MERAKY,850,738,,
GASTO,PAGADO,2025-08-29,2025-08,2025-S35,MATERIALES,ALBAÑILERIA,FERRETERIA ACROPOLIS,COMPRA DE TORNILLOS Y SILICON PARA INSTALACION DE LAMINAS DE POLIURETANO,N/A,USD,1,12.88,12.88,12.88,0,20,2.5760000000000005,15.456,DIMAQUINAS C.A.,MERAKY,850,738,,
GASTO,PAGADO,2025-08-29,2025-08,2025-S35,MATERIALES,ACABADOS,AV INGENIERIA,COMPRA DE 20 SACOS DE FRISO COLOR,N/A,USD,1,1685.54,1685.54,1685.54,0,20,337.108,2022.648,DIMAQUINAS C.A.,MERAKY,850,738,,
GASTO,PAGADO,2025-08-29,2025-08,2025-S35,MATERIALES,ACABADOS,FERRETERIA ACROPOLIS,COMPRA DE ROLLOS DE PLASTICO NEGRO PARA CUBRIR PISO DE CORALINA,N/A,USD,1,356.94,356.94,356.94,0,20,71.388,428.328,DIMAQUINAS C.A.,MERAKY,850,738,,
GASTO,PAGADO,2025-08-29,2025-08,2025-S35,MATERIALES,ESTRUCTURA MADERA,FERRETERIA ACROPOLIS,SILICON PARA TECHOS DE POLIURETANO,N/A,USD,1,99.14,99.14,99.14,0,20,19.828000000000003,118.96799999999999,DIMAQUINAS C.A.,MERAKY,850,738,,
GASTO,PAGADO,2025-08-29,2025-08,2025-S35,MATERIALES,ALBAÑILERIA,CRISPIN,"ABONO MANO DE OBRA ALBAÑILERIA, ESTRUCTURA, ELECTRICIDAD, PLOMERIA",N/A,USD,1,3487.56,3487.56,3487.56,0,20,697.5120000000001,4185.072,DIMAQUINAS C.A.,MERAKY,850,738,,
GASTO,PAGADO,2025-08-29,2025-08,2025-S35,MANO DE OBRA,ESTRUCTURA MADERA,CAROLINA ESTRUCTURA,ABONO MANO DE OBRA CAROLINA ESTRUCTURAS DE MADERA,N/A,USD,1,2300,2300,2300,0,20,460,2760,DIMAQUINAS C.A.,MERAKY,850,738,,
GASTO,PAGADO,2025-08-29,2025-08,2025-S35,MANO DE OBRA,CARPINTERIA,JESUS CARPINTERO,ABONO A PRESUPUESTO DE CARPINTERIA (PRESUPUESTO),N/A,USD,1,4000,4000,4000,0,20,800,4800,DIMAQUINAS C.A.,MERAKY,850,738,,
GASTO,PAGADO,2025-08-29,2025-08,2025-S35,CONTRATISTA,ALBAÑILERIA,DANIEL VALDERRAMA,COMPRA DE UNA PALETA DE CEMENTO 48 SACOS,N/A,USD,1,432,432,432,0,20,86.4,518.4,DIMAQUINAS C.A.,MERAKY,850,738,,
GASTO,PAGADO,2025-08-29,2025-08,2025-S35,MATERIALES,ALBAÑILERIA,CASA INTELIGENTE,COMPRA DE 5 DOCENAS DE GUANTES,N/A,USD,1,60,60,60,0,20,12,72,DIMAQUINAS C.A.,MERAKY,850,738,,
GASTO,PAGADO,2025-08-29,2025-08,2025-S35,INSUMOS,ALBAÑILERIA,CAROLINA ESTRUCTURA,COMPRA DE 7 CAMIONES DE AGUA (DE 15.000LITROS),N/A,USD,1,107.14,107.14,107.14,0,20,21.428,128.56799999999998,DIMAQUINAS C.A.,MERAKY,850,738,,
GASTO,PAGADO,2025-08-29,2025-08,2025-S35,INSUMOS,ACABADOS,LA TIENDA DEL PINTOR,COMPRA DE 100 SACOS DE PEGO,N/A,USD,1,350,350,350,0,20,70,420,DIMAQUINAS C.A.,MERAKY,850,738,,
GASTO,PAGADO,2025-08-29,2025-08,2025-S35,MATERIALES,ACABADOS,LA TIENDA DEL PINTOR,COMPRA DE 90 SACOS DE PEGO ADICIONALES,N/A,USD,1,315,315,315,0,20,63,378,DIMAQUINAS C.A.,MERAKY,850,738,,
GASTO,PAGADO,2025-08-29,2025-08,2025-S35,MATERIALES,ACABADOS,LA TIENDA DEL PINTOR,COMPRA DE 100 SACOS DE PEGO,N/A,USD,1,100,100,100,0,20,20,120,DIMAQUINAS C.A.,MERAKY,850,738,,
GASTO,PAGADO,2025-08-29,2025-08,2025-S35,MATERIALES,ALBAÑILERIA,DISTUPECA,"COMPRA DE TUBERIA DE 2 PULGADAS, CODOS",N/A,USD,1,72.35,72.35,72.35,0,20,14.469999999999999,86.82,DIMAQUINAS C.A.,MERAKY,850,738,,
GASTO,PAGADO,2025-08-29,2025-08,2025-S35,MATERIALES,ALBAÑILERIA,LA TIENDA DEL PINTOR,"COMPRA DE 5 TIRROS, FONDO Y BROCHA",N/A,USD,1,45.77,45.77,45.77,0,20,9.154000000000002,54.924,DIMAQUINAS C.A.,MERAKY,850,738,,
GASTO,PAGADO,2025-08-29,2025-08,2025-S35,MATERIALES,ALBAÑILERIA,LA TIENDA DEL PINTOR,COLA BLANCAY TIRRO VERDE,N/A,USD,1,25.6,25.6,25.6,0,20,5.120000000000001,30.72,DIMAQUINAS C.A.,MERAKY,850,738,,
GASTO,PAGADO,2025-08-29,2025-08,2025-S35,MATERIALES,ACABADOS,FREDY CORALINA,ABONO A FREDY CORALINA,N/A,USD,1,600,600,600,0,20,120,720,DIMAQUINAS C.A.,MERAKY,850,738,,
GASTO,PAGADO,2025-09-05,2025-09,2025-S36,MANO DE OBRA,ACABADOS,LA TIENDA DEL PINTOR,TIRRO Y COLA BLANCA,N/A,USD,1,25.6,25.6,25.6,0,20,5.120000000000001,30.72,DIMAQUINAS C.A.,MERAKY,850,738,,
GASTO,PAGADO,2025-09-05,2025-09,2025-S36,MATERIALES,ESTRUCTURA MADERA,REPRESENTACIONES LA FRAGATA,TORNILLO PARA TECHO,N/A,USD,1,13.22,13.22,13.22,0,20,2.644,15.864,DIMAQUINAS C.A.,MERAKY,850,738,,
GASTO,PAGADO,2025-09-05,2025-09,2025-S36,MATERIALES,ALBAÑILERIA,FERRETERIA ACROPOLIS,"3 POTES DE MAS, DESENGRASANTE, CLORO, HOJAS DE SEGUETA, FIBRA PARA CONCRETO, ROLLO DE ALAMBRE, CLAVOS",N/A,USD,1,122.37,122.37,122.37,0,20,24.474000000000004,146.844,DIMAQUINAS C.A.,MERAKY,850,738,,
GASTO,PAGADO,2025-09-05,2025-09,2025-S36,MATERIALES,ACABADOS,LA TIENDA DEL PINTOR,COMPRA DE TRES GALONES DE SELLADOR (MANTENIMIENTO TECHOS COCINA),N/A,USD,1,162,162,162,0,20,32.4,194.4,DIMAQUINAS C.A.,MERAKY,850,738,,
GASTO,PAGADO,2025-09-05,2025-09,2025-S36,MATERIALES,ACABADOS,LA TIENDA DEL PINTOR,"CAMISAS DE RODILLO, CEPILLOS, 5 ROLLOS DE ALAMBRES, FIBRA, GUANTES, ZEN ZEN",N/A,USD,1,154.58,154.58,154.58,0,20,30.916000000000004,185.496,DIMAQUINAS C.A.,MERAKY,850,738,,
GASTO,PAGADO,2025-09-05,2025-09,2025-S36,MATERIALES,ACABADOS,LA TIENDA DEL PINTOR,LIJAS,N/A,USD,1,16.65,16.65,16.65,0,20,3.33,19.979999999999997,DIMAQUINAS C.A.,MERAKY,850,738,,
GASTO,PAGADO,2025-09-05,2025-09,2025-S36,MATERIALES,ESTRUCTURA MADERA,LA TIENDA DEL PINTOR,COMPRA DE 20 SILICON TRANSPARENTE,N/A,USD,1,200,200,200,0,20,40,240,DIMAQUINAS C.A.,MERAKY,850,738,,
GASTO,PAGADO,2025-09-05,2025-09,2025-S36,MATERIALES,ACABADOS,LA TIENDA DEL PINTOR,FONDO ANTIALCALINO 4 GALONES,N/A,USD,1,77,77,77,0,20,15.4,92.39999999999999,DIMAQUINAS C.A.,MERAKY,850,738,,
GASTO,PAGADO,2025-09-05,2025-09,2025-S36,MATERIALES,ESTRUCTURA MADERA,LA TIENDA DEL PINTOR,TIRRO VERDE Y COLA BLANCA,N/A,USD,1,25.6,25.6,25.6,0,20,5.120000000000001,30.72,DIMAQUINAS C.A.,MERAKY,850,738,,
GASTO,PAGADO,2025-09-05,2025-09,2025-S36,MATERIALES,ACABADOS,LA TIENDA DEL PINTOR,KILO DE FIBRA Y KILO DE TILOSA,N/A,USD,1,64,64,64,0,20,12.8,76.8,DIMAQUINAS C.A.,MERAKY,850,738,,
GASTO,PAGADO,2025-09-05,2025-09,2025-S36,MATERIALES,ESTRUCTURA MADERA,LA TIENDA DEL PINTOR,COMPRA DE 10 TIRROS,N/A,USD,1,22.17,22.17,22.17,0,20,4.434,26.604000000000003,DIMAQUINAS C.A.,MERAKY,850,738,,
GASTO,PAGADO,2025-09-05,2025-09,2025-S36,MATERIALES,ALBAÑILERIA,"INVERSIONES SORIMAYA, C.A",COMPRA DE 300 BLOQUES DE 15 DE CEMENTO,N/A,USD,1,210,210,210,0,20,42,252,DIMAQUINAS C.A.,MERAKY,850,738,,
GASTO,PAGADO,2025-09-05,2025-09,2025-S36,MATERIALES,ALBAÑILERIA,"INVERSIONES SORIMAYA, C.A",COMPRA DE 100 BLOQUES DE CEMENTO DE 15,N/A,USD,1,70,70,70,0,20,14,84,DIMAQUINAS C.A.,MERAKY,850,738,,
GASTO,PAGADO,2025-09-05,2025-09,2025-S36,MATERIALES,ACABADOS,CRISPIN,"ABONO MANO DE OBRA ALBAÑILERIA, ESTRUCTURA, ELECTRICIDAD, PLOMERIA",N/A,USD,1,2392.85,2392.85,2392.85,0,20,478.57,2871.4199999999996,DIMAQUINAS C.A.,MERAKY,850,738,,
GASTO,PAGADO,2025-09-05,2025-09,2025-S36,MANO DE OBRA,ACABADOS,CASA INTELIGENTE,INSTALACION DE LAMINAS DE POLIURETANO,N/A,USD,1,600,600,600,0,20,120,720,DIMAQUINAS C.A.,MERAKY,850,738,,
GASTO,PAGADO,2025-09-05,2025-09,2025-S36,MANO DE OBRA,ACABADOS,CASA INTELIGENTE,"ALQUILER DE ANDAMIOS, PLATAFORMAS Y CUARTONES",N/A,USD,1,250,250,250,0,20,50,300,DIMAQUINAS C.A.,MERAKY,850,738,,
GASTO,PAGADO,2025-09-05,2025-09,2025-S36,EQUIPOS,ACABADOS,GUACO APONTE,TRANSPORTE DE MATERIALES SEMANA 01/07,N/A,USD,1,150,150,150,0,20,30,180,DIMAQUINAS C.A.,MERAKY,850,738,,
GASTO,PAGADO,2025-09-05,2025-09,2025-S36,MANO DE OBRA,ACABADOS,EL MONO,TRANSPORTE OBREROS SEMANAL,N/A,USD,1,200,200,200,0,20,40,240,DIMAQUINAS C.A.,MERAKY,850,738,,
GASTO,PAGADO,2025-09-05,2025-09,2025-S36,MANO DE OBRA,ACABADOS,LUIS RODRIGUEZ,"ALQUILER DE ANDAMIOS, PLATAFORMAS Y CUARTONES",N/A,USD,1,64,64,64,0,20,12.8,76.8,DIMAQUINAS C.A.,MERAKY,850,738,,
GASTO,PAGADO,2025-09-05,2025-09,2025-S36,EQUIPOS,ACABADOS,PROCODIMA,"BOTE DE ESCOMBROS, MOVILIZACION DE ARENA Y PIEDRA",N/A,USD,1,120,120,120,0,20,24,144,DIMAQUINAS C.A.,MERAKY,850,738,,
GASTO,PAGADO,2025-09-05,2025-09,2025-S36,TRANSPORTE,ACABADOS,FREDY CORALINA,ABONO A FREDY CORALINA,N/A,USD,1,980.13,980.13,980.13,0,20,196.026,1176.156,DIMAQUINAS C.A.,MERAKY,850,738,,
GASTO,PAGADO,2025-09-05,2025-09,2025-S36,MANO DE OBRA,ESTRUCTURA MADERA,CAROLINA ESTRUCTURA,ABONO MANO DE OBRA CAROLINA ESTRUCTURAS DE MADERA,N/A,USD,1,1500,1500,1500,0,20,300,1800,DIMAQUINAS C.A.,MERAKY,850,738,,
GASTO,PAGADO,2025-09-05,2025-09,2025-S36,MANO DE OBRA,VIDRIOS,FREDDY PADRON,ABONO FINAL VENTANAS DE VIDRIO TIENDAS,N/A,USD,1,800,800,800,0,20,160,960,DIMAQUINAS C.A.,MERAKY,850,738,,
GASTO,PAGADO,2025-09-05,2025-09,2025-S36,MANO DE OBRA,ACABADOS,ASDRUBAL CERAMISTA,COLOCACION DE CERAMICA EN DUCHAS Y PARED DECORATIVA EN BAÑO (ABONO),N/A,USD,1,300,300,300,0,20,60,360,DIMAQUINAS C.A.,MERAKY,850,738,,
GASTO,PAGADO,2025-09-05,2025-09,2025-S36,MANO DE OBRA,ALBAÑILERIA,DANIEL VALDERRAMA,COMPRA DE 20 CABILLAS DE 3/8 Y 15 CABILLAS DE 1/2,N/A,USD,1,220,220,220,0,20,44,264,DIMAQUINAS C.A.,MERAKY,850,738,,
GASTO,PAGADO,2025-09-05,2025-09,2025-S36,MATERIALES,ACABADOS,ASDRUBAL CERAMISTA,ABONO COLOCACION DE CERAMICA DECORATIVA EN DUCHAS Y BAÑOS,N/A,USD,1,300,300,300,0,20,60,360,DIMAQUINAS C.A.,MERAKY,850,738,,
GASTO,PAGADO,2025-09-05,2025-09,2025-S36,CONTRATISTA,CARPINTERIA,JESUS CARPINTERO,ABONO A PRESUPUESTO 1 DE CARPINTERIA,N/A,USD,1,5000,5000,5000,0,20,1000,6000,DIMAQUINAS C.A.,MERAKY,850,738,,
GASTO,PAGADO,2025-09-05,2025-09,2025-S36,CONTRATISTA,ACABADOS,LA TIENDA DEL PINTOR,FUNDA RODILLOS Y LLANA,N/A,USD,1,16.36,16.36,16.36,0,20,3.2720000000000002,19.631999999999998,DIMAQUINAS C.A.,MERAKY,850,738,,
GASTO,PAGADO,2025-09-05,2025-09,2025-S36,MATERIALES,ACABADOS,LA TIENDA DEL PINTOR,"TILOSA, MICROFIBRA",N/A,USD,1,64,64,64,0,20,12.8,76.8,DIMAQUINAS C.A.,MERAKY,850,738,,
GASTO,PAGADO,2025-09-05,2025-09,2025-S36,MATERIALES,ACABADOS,LA TIENDA DEL PINTOR,TIRRO VERDE Y DE SEGURIDAD,N/A,USD,1,22.37,22.37,22.37,0,20,4.474,26.844,DIMAQUINAS C.A.,MERAKY,850,738,,
GASTO,PAGADO,2025-09-05,2025-09,2025-S36,MATERIALES,ACABADOS,DANIEL VALDERRAMA,COMPRA DE 1 PALETA DE CEMENTO,N/A,USD,1,432,432,432,0,20,86.4,518.4,DIMAQUINAS C.A.,MERAKY,850,738,,
GASTO,PAGADO,2025-09-05,2025-09,2025-S36,MATERIALES,ACABADOS,PLACA CENTRO,"COMPRA DE LAMINAS DE PLAYCEN, MURO COCINA, DRYWALL, PARALES, TECHO MURO COCINA",N/A,USD,1,454.22,454.22,454.22,0,20,90.84400000000001,545.064,DIMAQUINAS C.A.,MERAKY,850,738,,
GASTO,PAGADO,2025-09-12,2025-09,2025-S37,CONTRATISTA,CARPINTERIA,JESUS CARPINTERO,ABONO PRESUPUESTO 1 Y 2 CARPINTERIA,N/A,USD,1,15000,15000,15000,0,20,3000,18000,DIMAQUINAS C.A.,MERAKY,850,738,,
GASTO,PAGADO,2025-09-12,2025-09,2025-S37,CONTRATISTA,PLOMERIA,EUROSTONE,COMPRA DE GRIFOS LAVAMANOS AIRE LIBRE,N/A,USD,1,363.18,363.18,363.18,0,20,72.63600000000001,435.816,DIMAQUINAS C.A.,MERAKY,850,738,,
GASTO,PAGADO,2025-09-12,2025-09,2025-S37,MATERIALES,TELAS,SOLARIUM,ABONO TELAS TECHOS Y ENRROLLABLES,N/A,USD,1,14334.5,14334.5,14334.5,0,20,2866.9,17201.399999999998,DIMAQUINAS C.A.,MERAKY,850,738,,
GASTO,PAGADO,2025-09-12,2025-09,2025-S37,CONTRATISTA,AIRES ACONDICIONADOS,FRAN AIRES,COMPRA DE AIRES ACONDICIONADOS ADICIONALES (VER PRESUPUESTO),N/A,USD,1,3166.18,3166.18,3166.18,0,20,633.236,3799.4159999999997,DIMAQUINAS C.A.,MERAKY,850,738,,
GASTO,PAGADO,2025-09-12,2025-09,2025-S37,CONTRATISTA,ACABADOS,PLACA CENTRO,PARALES PARED DYWALL ADICIONALES,N/A,USD,1,22.95,22.95,22.95,0,20,4.59,27.54,DIMAQUINAS C.A.,MERAKY,850,738,,
GASTO,PAGADO,2025-09-12,2025-09,2025-S37,CONTRATISTA,ALBAÑILERIA,CRISPIN,"ABONO MANO DE OBRA ALBAÑILERIA, ESTRUCTURA, ELECTRICIDAD, PLOMERIA",N/A,USD,1,3253.76,3253.76,3253.76,0,20,650.7520000000001,3904.512,DIMAQUINAS C.A.,MERAKY,850,738,,
GASTO,PAGADO,2025-09-12,2025-09,2025-S37,MANO DE OBRA,ELECTRICIDAD,GUACO APONTE,TRANSPORTE DE MATERIALES SEMANA 01/07,N/A,USD,1,150,150,150,0,20,30,180,DIMAQUINAS C.A.,MERAKY,850,738,,
GASTO,PAGADO,2025-09-12,2025-09,2025-S37,MANO DE OBRA,ELECTRICIDAD,EL MONO,TRANSPORTE OBREROS SEMANAL,N/A,USD,1,200,200,200,0,20,40,240,DIMAQUINAS C.A.,MERAKY,850,738,,
GASTO,PAGADO,2025-09-12,2025-09,2025-S37,MANO DE OBRA,ACABADOS,FREDY CORALINA,ABONO A FREDY CORALINA,N/A,USD,1,800,800,800,0,20,160,960,DIMAQUINAS C.A.,MERAKY,850,738,,
GASTO,PAGADO,2025-09-12,2025-09,2025-S37,MANO DE OBRA,ESTRUCTURA MADERA,CAROLINA ESTRUCTURA,ABONO MANO DE OBRA CAROLINA ESTRUCTURAS DE MADERA,N/A,USD,1,1500,1500,1500,0,20,300,1800,DIMAQUINAS C.A.,MERAKY,850,738,,
GASTO,PAGADO,2025-09-12,2025-09,2025-S37,MANO DE OBRA,ACABADOS,CASA INTELIGENTE,ALQUILER DE ANDAMIOS,N/A,USD,1,240,240,240,0,20,48,288,DIMAQUINAS C.A.,MERAKY,850,738,,
GASTO,PAGADO,2025-09-12,2025-09,2025-S37,EQUIPOS,ACABADOS,LUIS RODRIGUEZ,ALQUILER DE ANDAMIOS,N/A,USD,1,80,80,80,0,20,16,96,DIMAQUINAS C.A.,MERAKY,850,738,,
GASTO,PAGADO,2025-09-12,2025-09,2025-S37,EQUIPOS,ACABADOS,CASA INTELIGENTE,TRABAJOS DE DRYWALL,N/A,USD,1,600,600,600,0,20,120,720,DIMAQUINAS C.A.,MERAKY,850,738,,
GASTO,PAGADO,2025-09-12,2025-09,2025-S37,MANO DE OBRA,ALBAÑILERIA,PROCODIMA,"BOTE DE ESCOMBROS, MOVILIZACION DE ARENA Y PIEDRA",N/A,USD,1,180,180,180,0,20,36,216,DIMAQUINAS C.A.,MERAKY,850,738,,
GASTO,PAGADO,2025-09-12,2025-09,2025-S37,TRANSPORTE,PLOMERIA,DISTUPECA,"COMPRA DE BOMBA DE 3/4 CON KIT DE INSTALACION PARA TANQUE DE AGUA,ROLLO DE CABLE 12",N/A,USD,1,447.15,447.15,447.15,0,20,89.43,536.5799999999999,DIMAQUINAS C.A.,MERAKY,850,738,,
GASTO,PAGADO,2025-09-12,2025-09,2025-S37,MATERIALES,PLOMERIA,DISTUPECA,"COMPRA DE TUBERIAS DE AGUAS NEGRAS, CODOS, TUBERIA ELECTYRICA DE 3/4 (NE. 00269)",N/A,USD,1,72.35,72.35,72.35,0,20,14.469999999999999,86.82,DIMAQUINAS C.A.,MERAKY,850,738,,
GASTO,PAGADO,2025-09-12,2025-09,2025-S37,MATERIALES,PLOMERIA,DISTUPECA,3 TUBOS DE AGUA FRIA DE 1/2,N/A,USD,1,28.95,28.95,28.95,0,20,5.79,34.739999999999995,DIMAQUINAS C.A.,MERAKY,850,738,,
GASTO,PAGADO,2025-09-12,2025-09,2025-S37,MATERIALES,ACABADOS,AV INGENIERIA,"COMPRA DE DOS KIT DE MICROCEMNNETO CHAMPANG (MUEBLE EN MAMPOSTERIA RESTAURANT),  10 SACOS DE FRISO COLOR CORALMELO",N/A,USD,1,1088.93,1088.93,1088.93,0,20,217.78600000000003,1306.7160000000001,DIMAQUINAS C.A.,MERAKY,850,738,,
GASTO,PAGADO,2025-09-12,2025-09,2025-S37,MATERIALES,ACABADOS,HERNAN TINEO,"PAGO DE 90 BULTOS DE CAÑA BRAVA, CERRAMIENTO Y TECHO BAR FALTANTE",N/A,USD,1,2576.26,2576.26,2576.26,0,20,515.2520000000001,3091.512,DIMAQUINAS C.A.,MERAKY,850,738,,
GASTO,PAGADO,2025-09-12,2025-09,2025-S37,MATERIALES,ESTRUCTURA MADERA,HERNAN TINEO,PAGO DE ORCONSILLOS PARA ESTRUCTURA DJ (8 ORCONES DE 6 ML CADA UNO),N/A,USD,1,864,864,864,0,20,172.8,1036.8,DIMAQUINAS C.A.,MERAKY,850,738,,
GASTO,PAGADO,2025-09-12,2025-09,2025-S37,MATERIALES,ACABADOS,ROXANA LAMPARAS TEJIDAS,ABONO PARA DOS PAREDES DE NUDOS Y UNA LAMPARA GRANDE DECORATIVA (VER PRESUPUESTO),N/A,USD,1,700,700,700,0,20,140,840,DIMAQUINAS C.A.,MERAKY,850,738,,
GASTO,PAGADO,2025-09-12,2025-09,2025-S37,CONTRATISTA,ALBAÑILERIA,FERRETERIA LAS ANTILLAS,COMPRA DE TRES ROLLOS DE MANTO,N/A,USD,1,60,60,60,0,20,12,72,DIMAQUINAS C.A.,MERAKY,850,738,,
GASTO,PAGADO,2025-09-12,2025-09,2025-S37,MATERIALES,ALBAÑILERIA,FERRETERIA LAS ANTILLAS,"COMPRA DE CEMENTO PLASTICO, GALON, FAC.552",N/A,USD,1,25,25,25,0,20,5,30,DIMAQUINAS C.A.,MERAKY,850,738,,
GASTO,PAGADO,2025-09-12,2025-09,2025-S37,MATERIALES,ALBAÑILERIA,CAROLINA ESTRUCTURA,"8 VIAJES D EAGUA, 5000 LITROS C/U",N/A,USD,1,120,120,120,0,20,24,144,DIMAQUINAS C.A.,MERAKY,850,738,,
GASTO,PAGADO,2025-09-12,2025-09,2025-S37,MATERIALES,ACABADOS,LA TIENDA DEL PINTOR,MANTOFLEX ORCA NEGRO 5 GALONES (IMPERMEABILIZACION BAR)FACT 025,N/A,USD,1,142,142,142,0,20,28.400000000000002,170.4,DIMAQUINAS C.A.,MERAKY,850,738,,
GASTO,PAGADO,2025-09-12,2025-09,2025-S37,MATERIALES,ACABADOS,LA TIENDA DEL PINTOR,"IMPERCRYL, RODILLO, TIRRO FUNDA Y TORNILLO (IMPERMEABILIZACION BAR) FAC. 027",N/A,USD,1,167.29,167.29,167.29,0,20,33.458,200.748,DIMAQUINAS C.A.,MERAKY,850,738,,
GASTO,PAGADO,2025-09-12,2025-09,2025-S37,MATERIALES,ACABADOS,LA TIENDA DEL PINTOR,"COMPRA DE 100 SACOS DE PEGO, RODILLO, PALUSTRA, BROCHAS",N/A,USD,1,345,345,345,0,20,69,414,DIMAQUINAS C.A.,MERAKY,850,738,,
GASTO,PAGADO,2025-09-12,2025-09,2025-S37,MATERIALES,ACABADOS,LA TIENDA DEL PINTOR,TORNILLOS PARA DRYWALL,N/A,USD,1,2.8,2.8,2.8,0,20,0.5599999999999999,3.36,DIMAQUINAS C.A.,MERAKY,850,738,,
GASTO,PAGADO,2025-09-12,2025-09,2025-S37,MATERIALES,ACABADOS,FERRETERIA SANTA RITA,COMPRA DE 10 SACOS DE CEMENTO BLANCO. FACT. 17220,N/A,USD,1,250,250,250,0,20,50,300,DIMAQUINAS C.A.,MERAKY,850,738,,
GASTO,PAGADO,2025-09-12,2025-09,2025-S37,MATERIALES,ACABADOS,FERRETERIA SANTA RITA,COMPRA DE LAMINA DE ZEN ZEN Y 1 SACO DE YESO DE 25 KILOS FAC. 17233,N/A,USD,1,50.8,50.8,50.8,0,20,10.16,60.959999999999994,DIMAQUINAS C.A.,MERAKY,850,738,,
GASTO,PAGADO,2025-09-12,2025-09,2025-S37,MATERIALES,ACABADOS,FERRETERIA SANTA RITA,"COMPRA DE UN SACO DE CEMENTO BLANCO, FAC. 17333",N/A,USD,1,25,25,25,0,20,5,30,DIMAQUINAS C.A.,MERAKY,850,738,,
GASTO,PAGADO,2025-09-12,2025-09,2025-S37,MATERIALES,ACABADOS,CASA INTELIGENTE,COMPRA DE 60 GUANTES DE PUNTOS,N/A,USD,1,46.06,46.06,46.06,0,20,9.212000000000002,55.272,DIMAQUINAS C.A.,MERAKY,850,738,,
GASTO,PAGADO,2025-09-12,2025-09,2025-S37,MATERIALES,ACABADOS,FERRETERIA SANTA RITA,PALUSTRA Y CAJETINES,N/A,USD,1,65.7,65.7,65.7,0,20,13.14,78.84,DIMAQUINAS C.A.,MERAKY,850,738,,
GASTO,PAGADO,2025-09-12,2025-09,2025-S37,MATERIALES,ACABADOS,FERRETERIA SANTA RITA,"RAMPLUG, TORNILLOS, CEMENTO PLASTICO, BROCHA, MECATE, UNION A/F",N/A,USD,1,77.8,77.8,77.8,0,20,15.56,93.36,DIMAQUINAS C.A.,MERAKY,850,738,,
GASTO,PAGADO,2025-09-12,2025-09,2025-S37,MATERIALES,ACABADOS,FERRETERIA ACROPOLIS,"DISCO DE CORTE ESPATULAS, GRASA, CLAVOS GALVANIZADOS, ESPOMJAS",N/A,USD,1,80.2,80.2,80.2,0,20,16.040000000000003,96.24,DIMAQUINAS C.A.,MERAKY,850,738,,
GASTO,PAGADO,2025-09-12,2025-09,2025-S37,MATERIALES,ELECTRICIDAD,CASA LED,"COMPRA DE 20 REFELECTORES DE 30 WATIOS Y DOS DE 100 WATIOS, (REFLECTORES GRADINERAS Y ARCO DE PLAYA)",N/A,USD,1,346.64,346.64,346.64,0,20,69.328,415.96799999999996,DIMAQUINAS C.A.,MERAKY,850,738,,
GASTO,PAGADO,2025-09-12,2025-09,2025-S37,MANO DE OBRA,ACABADOS,ASDRUBAL CERAMISTA,PAGO ASDRUBAL TERMINACION DE COLOCACION DE CERAMICA EN PAREDES,N/A,USD,1,300,300,300,0,20,60,360,DIMAQUINAS C.A.,MERAKY,850,738,,
GASTO,PAGADO,2025-09-12,2025-09,2025-S37,MANO DE OBRA,ACABADOS,PROCODIMA,COMPRA DE 20 SACOS DE CEMENTO,N/A,USD,1,220,220,220,0,20,44,264,DIMAQUINAS C.A.,MERAKY,850,738,,
GASTO,PAGADO,2025-09-19,2025-09,2025-S38,MANO DE OBRA,PLOMERIA,PROSEIN,COMPRA DE REJILLAS PARA BAÑOS,N/A,USD,1,260.08,260.08,260.08,0,20,52.016,312.09599999999995,DIMAQUINAS C.A.,MERAKY,850,738,,
GASTO,PAGADO,2025-09-19,2025-09,2025-S38,MATERIALES,PLOMERIA,GUACO APONTE,TRANSPORTE DE MATERIALES SEMANA 01/07,N/A,USD,1,150,150,150,0,20,30,180,DIMAQUINAS C.A.,MERAKY,850,738,,
GASTO,PAGADO,2025-09-19,2025-09,2025-S38,MANO DE OBRA,PLOMERIA,EL MONO,TRANSPORTE OBREROS SEMANAL,N/A,USD,1,200,200,200,0,20,40,240,DIMAQUINAS C.A.,MERAKY,850,738,,
GASTO,PAGADO,2025-09-19,2025-09,2025-S38,MANO DE OBRA,ACABADOS,J BLODELL C.A.,"CENA HORAS EXTRAS TRABAJO DIA MARTES, POLLOS (COMIDA PARA 12 PERSONAS)",N/A,USD,1,37.84,37.84,37.84,0,20,7.568000000000001,45.408,DIMAQUINAS C.A.,MERAKY,850,738,,
GASTO,PAGADO,2025-09-19,2025-09,2025-S38,MANO DE OBRA,ACABADOS,CRAZY PIZZA MARGARITA,"CENA HORAS EXTRAS TRABAJO DIA MIERCOLES, POLLOS (COMIDA PARA 12 PERSONAS)",N/A,USD,1,39.11,39.11,39.11,0,20,7.822,46.931999999999995,DIMAQUINAS C.A.,MERAKY,850,738,,
GASTO,PAGADO,2025-09-19,2025-09,2025-S38,MANO DE OBRA,ACABADOS,FREDY CORALINA,ABONO A FREDY CORALINA,N/A,USD,1,800,800,800,0,20,160,960,DIMAQUINAS C.A.,MERAKY,850,738,,
GASTO,PAGADO,2025-09-19,2025-09,2025-S38,MANO DE OBRA,ESTRUCTURA MADERA,CAROLINA ESTRUCTURA,ABONO MANO DE OBRA CAROLINA ESTRUCTURAS DE MADERA,N/A,USD,1,2000,2000,2000,0,20,400,2400,DIMAQUINAS C.A.,MERAKY,850,738,,
GASTO,PAGADO,2025-09-19,2025-09,2025-S38,MANO DE OBRA,ELECTRICIDAD,CRISPIN,"MANO DE OBRA SEMANA (INCLUYE HORAS EXTRAS MARTES, MIERCOLES Y JUEVES)",N/A,USD,1,3555.94,3555.94,3555.94,0,20,711.1880000000001,4267.128,DIMAQUINAS C.A.,MERAKY,850,738,,
GASTO,PAGADO,2025-09-19,2025-09,2025-S38,MANO DE OBRA,ACABADOS,CRISPIN,LIQUIDACION DE PERSONAL SALIENTE (12 PERSONAS),N/A,USD,1,711.57,711.57,711.57,0,20,142.31400000000002,853.884,DIMAQUINAS C.A.,MERAKY,850,738,,
GASTO,PAGADO,2025-09-19,2025-09,2025-S38,MANO DE OBRA,ACABADOS,CASA INTELIGENTE,ALQUILER DE ANDAMIOS,N/A,USD,1,240,240,240,0,20,48,288,DIMAQUINAS C.A.,MERAKY,850,738,,
GASTO,PAGADO,2025-09-19,2025-09,2025-S38,EQUIPOS,CARPINTERIA,DIMAQUINAS,ALQUILER DE TROMPO (4 DIAS) SEMANA,N/A,USD,1,200,200,200,0,20,40,240,DIMAQUINAS C.A.,MERAKY,850,738,,
GASTO,PAGADO,2025-09-19,2025-09,2025-S38,EQUIPOS,CARPINTERIA,DIMAQUINAS,"CAMION DE ARROCILLO, 8 M3",N/A,USD,1,260,260,260,0,20,52,312,DIMAQUINAS C.A.,MERAKY,850,738,,
GASTO,PAGADO,2025-09-19,2025-09,2025-S38,MATERIALES,CARPINTERIA,PROCODIMA,"COMPRA DE 24 CABILLAS DE 3/8 (BASES ORCONES DJ, Y BASES DECK DE MADERA)",N/A,USD,1,264,264,264,0,20,52.800000000000004,316.8,DIMAQUINAS C.A.,MERAKY,850,738,,
GASTO,PAGADO,2025-09-19,2025-09,2025-S38,MATERIALES,SONIDO,FERRESTE,"COMPRA DE ROLLO DE CABLE 12 PARA SONIDO, FACT. 994",N/A,USD,1,85,85,85,0,20,17,102,DIMAQUINAS C.A.,MERAKY,850,738,,
GASTO,PAGADO,2025-09-19,2025-09,2025-S38,MATERIALES,SONIDO,CASA LED,"COMPRA DE 24 SPOTS PEQUEÑOS, MUEBLE DE ARCOS",N/A,USD,1,93.6,93.6,93.6,0,20,18.72,112.32,DIMAQUINAS C.A.,MERAKY,850,738,,
GASTO,PAGADO,2025-09-19,2025-09,2025-S38,MATERIALES,MIKONOS,PLACA CENTRO,"COMPRA DE 7 LAMINAS DE DRYWALL, PARALES, CINTA, TORNILLOS (MIKONOS)",N/A,USD,1,334.24,334.24,334.24,0,20,66.848,401.088,DIMAQUINAS C.A.,MERAKY,850,738,,
GASTO,PAGADO,2025-09-19,2025-09,2025-S38,MATERIALES,ACABADOS,FERRETERIA LAS ANTILLAS,COMPRA DE 110 SACOS DE PEGO,N/A,USD,1,365,365,365,0,20,73,438,DIMAQUINAS C.A.,MERAKY,850,738,,
GASTO,PAGADO,2025-09-19,2025-09,2025-S38,MATERIALES,CARPINTERIA,PROCODIMA,19 SACOS DE CEMENTO,N/A,USD,1,209,209,209,0,20,41.800000000000004,250.79999999999998,DIMAQUINAS C.A.,MERAKY,850,738,,
GASTO,PAGADO,2025-09-19,2025-09,2025-S38,MATERIALES,SONIDO,DISTUPECA,"TUBERIA ELECTRICA 30 TUBOS DE 1"" 40 TUBOS DE 3"", 20 TUBOS DE 2"",  VER FAC. 00281(CANALIZACION DE SONIDO, CAMARAS E INTERNET)",N/A,USD,1,2358.35,2358.35,2358.35,0,20,471.67,2830.02,DIMAQUINAS C.A.,MERAKY,850,738,,
GASTO,PAGADO,2025-09-19,2025-09,2025-S38,MATERIALES,PLOMERIA,DISTUPECA,"10 LLAVES DE ARRESTO, CANILLAS, ADAPTADORES, TEFLON Y SOLDADURAS",N/A,USD,1,279.95,279.95,279.95,0,20,55.99,335.94,DIMAQUINAS C.A.,MERAKY,850,738,,
GASTO,PAGADO,2025-09-19,2025-09,2025-S38,MATERIALES,MIKONOS,DISTUPECA,"TUBERIA DE AGUA FRIADE 3/4, DE 1/2, CODOS Y AGUA FRIA 1 "" FACT.282",N/A,USD,1,124.25,124.25,124.25,0,20,24.85,149.1,DIMAQUINAS C.A.,MERAKY,850,738,,
GASTO,PAGADO,2025-09-19,2025-09,2025-S38,MATERIALES,MIKONOS,DISTUPECA,"TUBOS DE AGUAS NEGRAS, DE 2 Y 3 PULGADAS, SIFON DE 2 PULGADAS",N/A,USD,1,65.3,65.3,65.3,0,20,13.06,78.36,DIMAQUINAS C.A.,MERAKY,850,738,,
GASTO,PAGADO,2025-09-19,2025-09,2025-S38,MATERIALES,ACABADOS,"DISCROMAR,C A.","COMPRA DE 4 GALONES PARA SELLAR CORALINA, FACTURA 20476",N/A,USD,1,227.67,227.67,227.67,0,20,45.534,273.20399999999995,DIMAQUINAS C.A.,MERAKY,850,738,,
GASTO,PAGADO,2025-09-19,2025-09,2025-S38,MATERIALES,ACABADOS,PLACA CENTRO,PARALES FALTANTES (MIKONOS),N/A,USD,1,35.18,35.18,35.18,0,20,7.0360000000000005,42.216,DIMAQUINAS C.A.,MERAKY,850,738,,
GASTO,PAGADO,2025-09-19,2025-09,2025-S38,MATERIALES,ELECTRICIDAD,FERRESTE,"ROLLO DE CABLE 12, LAMINA LED, TOMA 220, FACT. 1016",N/A,USD,1,331.46,331.46,331.46,0,20,66.292,397.75199999999995,DIMAQUINAS C.A.,MERAKY,850,738,,
GASTO,PAGADO,2025-09-19,2025-09,2025-S38,MATERIALES,ACABADOS,EUROSTONE,CARATEO CERAMICA MERAKI,N/A,USD,1,51.46,51.46,51.46,0,20,10.292000000000002,61.751999999999995,DIMAQUINAS C.A.,MERAKY,850,738,,
GASTO,PAGADO,2025-09-19,2025-09,2025-S38,MATERIALES,ACABADOS,OCTAVIO LOGOS,ANTICIPO PAGO LOGO CALLE DOS OJOS FACHADA,N/A,USD,1,691.82,691.82,691.82,0,20,138.364,830.1840000000001,DIMAQUINAS C.A.,MERAKY,850,738,,
GASTO,PAGADO,2025-09-19,2025-09,2025-S38,CONTRATISTA,ACABADOS,EUROSTONE,CERAMICA BLANCA LOCAL MIKONOS,N/A,USD,1,248.12,248.12,248.12,0,20,49.624,297.74399999999997,DIMAQUINAS C.A.,MERAKY,850,738,,
GASTO,PAGADO,2025-09-19,2025-09,2025-S38,MATERIALES,ALBAÑILERIA,FERRETERIA ACROPOLIS,"MALLA MOSQUITERO, ESPATULA, ESPONJA, CLAVOS DE ACERO, DISCOS DE CORTE, DESINFECTANTES, CLORO",N/A,USD,1,82.05,82.05,82.05,0,20,16.41,98.46,DIMAQUINAS C.A.,MERAKY,850,738,,
GASTO,PAGADO,2025-09-19,2025-09,2025-S38,MATERIALES,ELECTRICIDAD,CASA LED,COMPRA DE 14 SPOT PARA MUEBLE (FALTAN 10),N/A,USD,1,43.93,43.93,43.93,0,20,8.786,52.716,DIMAQUINAS C.A.,MERAKY,850,738,,
GASTO,PAGADO,2025-09-19,2025-09,2025-S38,MATERIALES,ACABADOS,FERRETERIA LAS ANTILLAS,50 METROS DE PLASTICO NEGRO,N/A,USD,1,250,250,250,0,20,50,300,DIMAQUINAS C.A.,MERAKY,850,738,,
GASTO,PAGADO,2025-09-19,2025-09,2025-S38,MATERIALES,ACABADOS,FERRETERIA LAS ANTILLAS,COMPRA DE 30 SACOS PARA ESCOMBROS,N/A,USD,1,60,60,60,0,20,12,72,DIMAQUINAS C.A.,MERAKY,850,738,,
GASTO,PAGADO,2025-09-19,2025-09,2025-S38,MATERIALES,ACABADOS,PROCODIMA,VIAJE DE BOTE DE ESCOMBROS (3 VIAJES),N/A,USD,1,90,90,90,0,20,18,108,DIMAQUINAS C.A.,MERAKY,850,738,,
GASTO,PAGADO,2025-09-19,2025-09,2025-S38,EQUIPOS,ACABADOS,LUIS RODRIGUEZ,ALQUILER DE ANDAMIOS (SEMANA),N/A,USD,1,72,72,72,0,20,14.4,86.39999999999999,DIMAQUINAS C.A.,MERAKY,850,738,,
GASTO,PAGADO,2025-09-19,2025-09,2025-S38,EQUIPOS,ACABADOS,CASA INTELIGENTE,COMPRA DE GUANTES Y LENTES OBREROS,N/A,USD,1,90,90,90,0,20,18,108,DIMAQUINAS C.A.,MERAKY,850,738,,
GASTO,PAGADO,2025-09-19,2025-09,2025-S38,MATERIALES,ACABADOS,LA TIENDA DEL PINTOR,"DOS GALONES DE SELLADOR, LIJAS, DISCODIAMENATE, TIERRO, TILOSA",N/A,USD,1,370.84,370.84,370.84,0,20,74.16799999999999,445.008,DIMAQUINAS C.A.,MERAKY,850,738,,
GASTO,PAGADO,2025-09-19,2025-09,2025-S38,MATERIALES,ALBAÑILERIA,PROCODIMA,"COMPRA DE 29 SACOS DE CEMENTO, PLASTI AV",N/A,USD,1,319,319,319,0,20,63.800000000000004,382.8,DIMAQUINAS C.A.,MERAKY,850,738,,
GASTO,PAGADO,2025-09-19,2025-09,2025-S38,MATERIALES,ALBAÑILERIA,CAROLINA ESTRUCTURA,"SURTIDO 4 VIAJES DE CAMIONES DE AGUA DE 15,000 LITROS",N/A,USD,1,60,60,60,0,20,12,72,DIMAQUINAS C.A.,MERAKY,850,738,,
GASTO,PAGADO,2025-09-26,2025-09,2025-S39,MATERIALES,ACABADOS,FERRETERIA ACROPOLIS,COMPRA DE 100 SACOS DE PEGO,N/A,USD,1,368.71,368.71,368.71,0,20,73.742,442.45199999999994,DIMAQUINAS C.A.,MERAKY,850,738,,
GASTO,PAGADO,2025-09-26,2025-09,2025-S39,MATERIALES,SONIDO,CASA LED,"CABLE N4, CABLE N8, CABLE N6, CABLE 10, 12, 14, BREKAKERS TEIPE, ACOMETIDA LOCALES Y SONIDO",N/A,USD,1,3804.25,3804.25,3804.25,0,20,760.85,4565.099999999999,DIMAQUINAS C.A.,MERAKY,850,738,,
GASTO,PAGADO,2025-09-26,2025-09,2025-S39,MATERIALES,MIKONOS,PLACA CENTRO,COMPRA DE TORNILLOS Y ALFAJILLAS,N/A,USD,1,12,12,12,0,20,2.4000000000000004,14.399999999999999,DIMAQUINAS C.A.,MERAKY,850,738,,
GASTO,PAGADO,2025-09-26,2025-09,2025-S39,MATERIALES,ACABADOS,AV INGENIERIA,"COMPRA DE 3 SACOS DE MICROCEMENTO COLOR CHAMPANG, 10 SAOS DE FRISO COLOR, CORALMELO",N/A,USD,1,1319.22,1319.22,1319.22,0,20,263.844,1583.064,DIMAQUINAS C.A.,MERAKY,850,738,,
GASTO,PAGADO,2025-09-26,2025-09,2025-S39,MATERIALES,ACABADOS,LA TIENDA DEL PINTOR,DOS GALONES DE PINTURA EPOXICA PARA LA COCINA,N/A,USD,1,216.36,216.36,216.36,0,20,43.272000000000006,259.632,DIMAQUINAS C.A.,MERAKY,850,738,,
GASTO,PAGADO,2025-09-26,2025-09,2025-S39,MATERIALES,MIKONOS,PLACA CENTRO,"ESQUINEROS DE DRYWALL, PARAL DE DRYWALL",N/A,USD,1,44.7,44.7,44.7,0,20,8.940000000000001,53.64,DIMAQUINAS C.A.,MERAKY,850,738,,
GASTO,PAGADO,2025-09-26,2025-09,2025-S39,MATERIALES,MIKONOS,NEOMAR,"COMIDA PERSONAL NOCTURNO MERAQUI (7 PERSONAS), LUNES",N/A,USD,1,34.33,34.33,34.33,0,20,6.866,41.196,DIMAQUINAS C.A.,MERAKY,850,738,,
GASTO,PAGADO,2025-09-26,2025-09,2025-S39,MATERIALES,MIKONOS,"FERRETERIA HURACAN, C.A.",COMPRA DE DOS BOLSAS DE TORNILLOS PARA DRYWALL,N/A,USD,1,11.76,11.76,11.76,0,20,2.352,14.112,DIMAQUINAS C.A.,MERAKY,850,738,,
GASTO,PAGADO,2025-09-26,2025-09,2025-S39,MATERIALES,MIKONOS,J BLODELL C.A.,"COMIDA PEROSNAL NOCTURNO MERAQUI (9 PERSONAS),MARTES",N/A,USD,1,38.28,38.28,38.28,0,20,7.656000000000001,45.936,DIMAQUINAS C.A.,MERAKY,850,738,,
GASTO,PAGADO,2025-09-26,2025-09,2025-S39,MATERIALES,CARPINTERIA,PROCODIMA,"10 CABILLAS DE 3/8"" (BASES DECK DE MADERA Y TARIMA)",N/A,USD,1,200,200,200,0,20,40,240,DIMAQUINAS C.A.,MERAKY,850,738,,
GASTO,PAGADO,2025-09-26,2025-09,2025-S39,MATERIALES,MIKONOS,PLACA CENTRO,"LAMINA DRYWALL, PASTA PROFESIONAL, LIJA, ESQUINEROS",N/A,USD,1,192.2,192.2,192.2,0,20,38.44,230.64,DIMAQUINAS C.A.,MERAKY,850,738,,
GASTO,PAGADO,2025-09-26,2025-09,2025-S39,MATERIALES,MIKONOS,LA TIENDA DEL PINTOR,"PEGO, LIJA, PASTA",N/A,USD,1,143.76,143.76,143.76,0,20,28.752,172.51199999999997,DIMAQUINAS C.A.,MERAKY,850,738,,
GASTO,PAGADO,2025-09-26,2025-09,2025-S39,MATERIALES,MIKONOS,PLACA CENTRO,COMPRA DE DRYWALL Y ESQUINEROS,N/A,USD,1,31.98,31.98,31.98,0,20,6.396000000000001,38.376,DIMAQUINAS C.A.,MERAKY,850,738,,
GASTO,PAGADO,2025-09-26,2025-09,2025-S39,MATERIALES,MIKONOS,ADRIANA CAROLINA TORRELES,COMIDA NOCTURNA OBREROS DIA MIERCOLES(7 PERSONAS),N/A,USD,1,50.91,50.91,50.91,0,20,10.182,61.09199999999999,DIMAQUINAS C.A.,MERAKY,850,738,,
GASTO,PAGADO,2025-09-26,2025-09,2025-S39,MATERIALES,ACABADOS,FERRETERIA ACROPOLIS,COMPRA DE 100 SACOS DE PEGO,N/A,USD,1,369.62,369.62,369.62,0,20,73.924,443.544,DIMAQUINAS C.A.,MERAKY,850,738,,
GASTO,PAGADO,2025-09-26,2025-09,2025-S39,MATERIALES,ELECTRICIDAD,FERRESTE,"LAMPARA PURIFICACION  DE 100 WATIOS (AREA DE COCINA), CABLE DE COBRE",N/A,USD,1,143.25,143.25,143.25,0,20,28.650000000000002,171.9,DIMAQUINAS C.A.,MERAKY,850,738,,
GASTO,PAGADO,2025-09-26,2025-09,2025-S39,MATERIALES,PLOMERIA,FERRESTE,"LLAVES DE CHORRO (3), CONCTORES HEMBRA, 5 T, Y PEGA",N/A,USD,1,41.75,41.75,41.75,0,20,8.35,50.1,DIMAQUINAS C.A.,MERAKY,850,738,,
GASTO,PAGADO,2025-09-26,2025-09,2025-S39,MATERIALES,ACABADOS,FERRESTE,PEGA SUPER GLUE,N/A,USD,1,13.75,13.75,13.75,0,20,2.75,16.5,DIMAQUINAS C.A.,MERAKY,850,738,,
GASTO,PAGADO,2025-09-26,2025-09,2025-S39,MATERIALES,ACABADOS,FERRETERIA ACROPOLIS,"TIRRO, GUANTES, YESO, TORNILLOS, FIBRA,CLAVOS ESPATULAS, 30 SACOS DE PEGO, TEE, ESPATULAS",N/A,USD,1,311,311,311,0,20,62.2,373.2,DIMAQUINAS C.A.,MERAKY,850,738,,
GASTO,PAGADO,2025-09-26,2025-09,2025-S39,MATERIALES,ACABADOS,LA TIENDA DEL PINTOR,"BROCHAS, TIRRO, JUNTA, RAMPLUG, TORNILLOS.",N/A,USD,1,108.65,108.65,108.65,0,20,21.730000000000004,130.38,DIMAQUINAS C.A.,MERAKY,850,738,,
GASTO,PAGADO,2025-09-26,2025-09,2025-S39,MATERIALES,ACABADOS,LA TIENDA DEL PINTOR,SELLADOR GALON (ESTRUCTURAS DE MADERA),N/A,USD,1,96,96,96,0,20,19.200000000000003,115.19999999999999,DIMAQUINAS C.A.,MERAKY,850,738,,
GASTO,PAGADO,2025-09-26,2025-09,2025-S39,MATERIALES,ACABADOS,LA TIENDA DEL PINTOR,EPOXICO REINCO GRIS (PINTURA COCINA PISO),N/A,USD,1,210,210,210,0,20,42,252,DIMAQUINAS C.A.,MERAKY,850,738,,
GASTO,PAGADO,2025-09-26,2025-09,2025-S39,MATERIALES,ALBAÑILERIA,CASA LED,COMPRA DE TRES LAMPARAS DE 36 WATTIOS (COCINA),N/A,USD,1,80.34,80.34,80.34,0,20,16.068,96.408,DIMAQUINAS C.A.,MERAKY,850,738,,
GASTO,PAGADO,2025-09-26,2025-09,2025-S39,MATERIALES,ACABADOS,FERRETERIA SANTA RITA,"PASTA PROFESIONAL, SIKA FIBRA Y 6 SACOS DE PEGO",N/A,USD,1,185,185,185,0,20,37,222,DIMAQUINAS C.A.,MERAKY,850,738,,
GASTO,PAGADO,2025-09-26,2025-09,2025-S39,MATERIALES,ACABADOS,PROCODIMA,20 SACOS DE CEMENTO,N/A,USD,1,363.64,363.64,363.64,0,20,72.728,436.368,DIMAQUINAS C.A.,MERAKY,850,738,,
GASTO,PAGADO,2025-09-26,2025-09,2025-S39,MATERIALES,ACABADOS,MIGUEL,TRANSPORTE NOCTURNO,N/A,USD,1,61.82,61.82,61.82,0,20,12.364,74.184,DIMAQUINAS C.A.,MERAKY,850,738,,
GASTO,PAGADO,2025-09-26,2025-09,2025-S39,MATERIALES,ACABADOS,PROCODIMA,"ALQUILER DE ANDAMIOS ESPECIALES ALTURA 8 M2 (SONIDO, LAMPARAS, TELAS)",N/A,USD,1,90,90,90,0,20,18,108,DIMAQUINAS C.A.,MERAKY,850,738,,
GASTO,PAGADO,2025-09-26,2025-09,2025-S39,MATERIALES,ACABADOS,FREDY CORALINA,ABONO  FREDY CORALINA,N/A,USD,1,500,500,500,0,20,100,600,DIMAQUINAS C.A.,MERAKY,850,738,,
GASTO,PAGADO,2025-09-26,2025-09,2025-S39,MANO DE OBRA,ACABADOS,CAROLINA ESTRUCTURA,ABONO MANO DE OBRA CAROLINA ESTRUCTURAS DE MADERA,N/A,USD,1,1500,1500,1500,0,20,300,1800,DIMAQUINAS C.A.,MERAKY,850,738,,
GASTO,PAGADO,2025-09-26,2025-09,2025-S39,MANO DE OBRA,ACABADOS,CRISPIN,"MANO DE OBRA SEMANA (INCLUYE HORAS EXTRAS MARTES, MIERCOLES Y JUEVES)",N/A,USD,1,3108.39,3108.39,3108.39,0,20,621.678,3730.0679999999998,DIMAQUINAS C.A.,MERAKY,850,738,,
GASTO,PAGADO,2025-09-26,2025-09,2025-S39,MANO DE OBRA,ACABADOS,CASA INTELIGENTE,ALQUILER DE ANDAMIOS,N/A,USD,1,240,240,240,0,20,48,288,DIMAQUINAS C.A.,MERAKY,850,738,,
GASTO,PAGADO,2025-09-26,2025-09,2025-S39,EQUIPOS,ACABADOS,DIMAQUINAS,ALQUILER DE TROMPO (3 DIAS) SEMANA,N/A,USD,1,150,150,150,0,20,30,180,DIMAQUINAS C.A.,MERAKY,850,738,,
GASTO,PAGADO,2025-09-26,2025-09,2025-S39,EQUIPOS,ACABADOS,CASA INTELIGENTE,"ALQUILER DE MARTILLO ELECTRICO DESMONTAJE DE PUERTAS DE HIERRO, Y AMARRE EN VIGAS)",N/A,USD,1,60,60,60,0,20,12,72,DIMAQUINAS C.A.,MERAKY,850,738,,
GASTO,PAGADO,2025-09-26,2025-09,2025-S39,EQUIPOS,ACABADOS,GUACO APONTE,TRANSPORTE DE MATERIALES SEMANA 01/07,N/A,USD,1,150,150,150,0,20,30,180,DIMAQUINAS C.A.,MERAKY,850,738,,
GASTO,PAGADO,2025-09-26,2025-09,2025-S39,MANO DE OBRA,ACABADOS,EL MONO,TRANSPORTE OBREROS SEMANAL,N/A,USD,1,200,200,200,0,20,40,240,DIMAQUINAS C.A.,MERAKY,850,738,,
GASTO,PAGADO,2025-09-26,2025-09,2025-S39,MANO DE OBRA,ACABADOS,NEOMAR Y PEDRO,DEPOSITARIO Y COMPRAS QUINCENAL,N/A,USD,1,250,250,250,0,20,50,300,DIMAQUINAS C.A.,MERAKY,850,738,,
GASTO,PAGADO,2025-09-26,2025-09,2025-S39,CONTRATISTA,CARPINTERIA,JESUS CARPINTERO,ABONO TRABAJOS PRESUPUESTO 1 Y 2 CARPINTERIA JESUS,N/A,USD,1,2848.48,2848.48,2848.48,0,20,569.696,3418.176,DIMAQUINAS C.A.,MERAKY,850,738,,
GASTO,PAGADO,2025-09-26,2025-09,2025-S39,CONTRATISTA,CARPINTERIA,JESUS CARPINTERO,ABONO JESUS CARPINTERIA LOCAL MIKONOS,N/A,USD,1,4000,4000,4000,0,20,800,4800,DIMAQUINAS C.A.,MERAKY,850,738,,
GASTO,PAGADO,2025-09-26,2025-09,2025-S39,CONTRATISTA,MIKONOS,ELECTRIMAX,"COMPRA DE TOMAS, SUICHES, TAPA INTERPERIE PROFORMA. 63990",N/A,USD,1,156.61,156.61,156.61,0,20,31.322000000000003,187.93200000000002,DIMAQUINAS C.A.,MERAKY,850,738,,
GASTO,PAGADO,2025-09-26,2025-09,2025-S39,MATERIALES,ELECTRICIDAD,ELECTRIMAX,"COMPRA DE TOMAS, SUICHES, TAPA INETERPERIE PROFORMA. 64022",N/A,USD,1,182.61,182.61,182.61,0,20,36.522000000000006,219.132,DIMAQUINAS C.A.,MERAKY,850,738,,
GASTO,PAGADO,2025-09-26,2025-09,2025-S39,MATERIALES,ELECTRICIDAD,FERRESTE,"COMPRA DE TOMAS, SUICHES, TAPA BLANCOS PROFORMA. 1080",N/A,USD,1,192.6,192.6,192.6,0,20,38.52,231.11999999999998,DIMAQUINAS C.A.,MERAKY,850,738,,
GASTO,PAGADO,2025-10-03,2025-10,2025-S40,MATERIALES,ELECTRICIDAD,CASA INTELIGENTE,ALQUILER DE ANDAMIOS,N/A,USD,1,240,240,240,0,20,48,288,DIMAQUINAS C.A.,MERAKY,850,738,,
GASTO,PAGADO,2025-10-03,2025-10,2025-S40,EQUIPOS,CARPINTERIA,DIMAQUINAS,ALQUILER DE TROMPO (2 DIAS) SEMANA,N/A,USD,1,100,100,100,0,20,20,120,DIMAQUINAS C.A.,MERAKY,850,738,,
GASTO,PAGADO,2025-10-03,2025-10,2025-S40,EQUIPOS,ACABADOS,CASA INTELIGENTE,FABRICACION DE REJAS AIRES ACONDICIONADOS,N/A,USD,1,250,250,250,0,20,50,300,DIMAQUINAS C.A.,MERAKY,850,738,,
GASTO,PAGADO,2025-10-03,2025-10,2025-S40,MANO DE OBRA,ACABADOS,ADRIANA CAROLINA TORRELES,COMIDA NOCTURNA OBREROS DIARIA LUNES(7 PERSONAS),N/A,USD,1,35.33,35.33,35.33,0,20,7.066,42.395999999999994,DIMAQUINAS C.A.,MERAKY,850,738,,
GASTO,PAGADO,2025-10-03,2025-10,2025-S40,INSUMOS,PLOMERIA,ADRIANA CAROLINA TORRELES,COMIDA NOCTURNA OBREROS DIARIA MARTES(7 PERSONAS),N/A,USD,1,38.67,38.67,38.67,0,20,7.734000000000001,46.404,DIMAQUINAS C.A.,MERAKY,850,738,,
GASTO,PAGADO,2025-10-03,2025-10,2025-S40,INSUMOS,PLOMERIA,ADRIANA CAROLINA TORRELES,COMIDA NOCTURNA OBREROS DIARIA MIERCOLES(7 PERSONAS),N/A,USD,1,57.41,57.41,57.41,0,20,11.482,68.892,DIMAQUINAS C.A.,MERAKY,850,738,,
GASTO,PAGADO,2025-10-03,2025-10,2025-S40,INSUMOS,ELECTRICIDAD,ADRIANA CAROLINA TORRELES,COMIDA NOCTURNA OBREROS DIARIA JUEVES(7 PERSONAS),N/A,USD,1,56.59,56.59,56.59,0,20,11.318000000000001,67.908,DIMAQUINAS C.A.,MERAKY,850,738,,
GASTO,PAGADO,2025-10-03,2025-10,2025-S40,MANO DE OBRA,ELECTRICIDAD,CRISPIN,"MANO DE OBRA SEMANA (INCLUYE HORAS EXTRAS LUNES,  MARTES, MIERCOLES Y JUEVES)",N/A,USD,1,3609.2,3609.2,3609.2,0,20,721.84,4331.04,DIMAQUINAS C.A.,MERAKY,850,738,,
GASTO,PAGADO,2025-10-03,2025-10,2025-S40,MANO DE OBRA,ELECTRICIDAD,CAROLINA ESTRUCTURA,ABONO MANO DE OBRA CAROLINA ESTRUCTURAS DE MADERA,N/A,USD,1,1000,1000,1000,0,20,200,1200,DIMAQUINAS C.A.,MERAKY,850,738,,
GASTO,PAGADO,2025-10-03,2025-10,2025-S40,MANO DE OBRA,ACABADOS,FREDY CORALINA,PAGO FINAL  FREDY CORALINA,N/A,USD,1,2800,2800,2800,0,20,560,3360,DIMAQUINAS C.A.,MERAKY,850,738,,
GASTO,PAGADO,2025-10-03,2025-10,2025-S40,MANO DE OBRA,SONIDO,PROCODIMA,"ALQUILER DE ANDAMIOS ESPECIALES ALTURA 8 M2 (SONIDO, LAMPARAS, TELAS)",N/A,USD,1,90,90,90,0,20,18,108,DIMAQUINAS C.A.,MERAKY,850,738,,
GASTO,PAGADO,2025-10-03,2025-10,2025-S40,MANO DE OBRA,ACABADOS,MIGUEL,TRANSPORTE NOCTURNO (LUNES -JUEVES),N/A,USD,1,70,70,70,0,20,14,84,DIMAQUINAS C.A.,MERAKY,850,738,,
GASTO,PAGADO,2025-10-03,2025-10,2025-S40,MATERIALES,ACABADOS,AV INGENIERIA,"COMPRA DE TRES KIT DE MICROCEMENTO CHAMPANG, 5 SACOS FRISOS COLOR CORALMELO",N/A,USD,1,818,818,818,0,20,163.60000000000002,981.5999999999999,DIMAQUINAS C.A.,MERAKY,850,738,,
GASTO,PAGADO,2025-10-03,2025-10,2025-S40,MATERIALES,ACABADOS,AV INGENIERIA,COMPRA DE UNA GARRAFA DE SELLADOR,N/A,USD,1,400,400,400,0,20,80,480,DIMAQUINAS C.A.,MERAKY,850,738,,
GASTO,PAGADO,2025-10-03,2025-10,2025-S40,MATERIALES,CARPINTERIA,MADERAS MANZANILLO,"SELLADOR PARA MADERA, PASTA PROFESIONAL, CEMENTO BLANCO",N/A,USD,1,148.62,148.62,148.62,0,20,29.724000000000004,178.344,DIMAQUINAS C.A.,MERAKY,850,738,,
GASTO,PAGADO,2025-10-03,2025-10,2025-S40,MATERIALES,SONIDO,"ARTS, C.A.",COMPRA DE TABLEROS Y BREAKERS PARA SONIDO,N/A,USD,1,1012.09,1012.09,1012.09,0,20,202.418,1214.508,DIMAQUINAS C.A.,MERAKY,850,738,,
GASTO,PAGADO,2025-10-03,2025-10,2025-S40,MATERIALES,CARPINTERIA,MADERAS MANZANILLO,"CHAPA VIROLA, INSTALACION DE PUERTA DE MADERA PRINCIPAL",N/A,USD,1,33.21,33.21,33.21,0,20,6.642,39.852,DIMAQUINAS C.A.,MERAKY,850,738,,
GASTO,PAGADO,2025-10-03,2025-10,2025-S40,MATERIALES,TELAS,SOLARIUM,ABONO TELAS Y ENRROLLABLES TEO,N/A,USD,1,4161.85,4161.85,4161.85,0,20,832.3700000000001,4994.22,DIMAQUINAS C.A.,MERAKY,850,738,,
GASTO,PAGADO,2025-10-03,2025-10,2025-S40,CONTRATISTA,ACABADOS,FERRETERIA ACROPOLIS,"30 SACOS DE PEGO GRIS, HOJA PARA SEGUETA, OREJA PARA CANDADO, LLANA, SOCATES",N/A,USD,1,188.72,188.72,188.72,0,20,37.744,226.464,DIMAQUINAS C.A.,MERAKY,850,738,,
GASTO,PAGADO,2025-10-03,2025-10,2025-S40,MATERIALES,ELECTRICIDAD,CASA LED,"SILICON, LED, BOMBILLO, LUCERNA, CINTA ADESIVA",N/A,USD,1,99,99,99,0,20,19.8,118.8,DIMAQUINAS C.A.,MERAKY,850,738,,
GASTO,PAGADO,2025-10-03,2025-10,2025-S40,MATERIALES,MIKONOS,LA TIENDA DEL PINTOR,"SELLADOR, FONDO ANTICORROSIVO, LANA DE ACERO, CEPILLO, TIRRO, FUNDAS, PRES 003",N/A,USD,1,195,195,195,0,20,39,234,DIMAQUINAS C.A.,MERAKY,850,738,,
GASTO,PAGADO,2025-10-03,2025-10,2025-S40,MATERIALES,MIKONOS,LA TIENDA DEL PINTOR,"CUÑETE DE PINTURA FLAWALL, IMPERCRYL, PRE043",N/A,USD,1,157,157,157,0,20,31.400000000000002,188.4,DIMAQUINAS C.A.,MERAKY,850,738,,
GASTO,PAGADO,2025-10-03,2025-10,2025-S40,MATERIALES,ACABADOS,LA TIENDA DEL PINTOR,"EPOXI REINCO GRIS OSCURO, COCINA PISO,PRE049",N/A,USD,1,118,118,118,0,20,23.6,141.6,DIMAQUINAS C.A.,MERAKY,850,738,,
GASTO,PAGADO,2025-10-03,2025-10,2025-S40,MATERIALES,MIKONOS,LA TIENDA DEL PINTOR,"LIJAS, FUNDAS, BROCHAS. PRE044",N/A,USD,1,46.48,46.48,46.48,0,20,9.296,55.775999999999996,DIMAQUINAS C.A.,MERAKY,850,738,,
GASTO,PAGADO,2025-10-03,2025-10,2025-S40,MATERIALES,ACABADOS,LA TIENDA DEL PINTOR,"PASTA, PINTURA FLAWALL BLANCA PREPARADA PRES. 052",N/A,USD,1,453.7,453.7,453.7,0,20,90.74000000000001,544.4399999999999,DIMAQUINAS C.A.,MERAKY,850,738,,
GASTO,PAGADO,2025-10-03,2025-10,2025-S40,MATERIALES,ACABADOS,LA TIENDA DEL PINTOR,"FLAWALL 5 GALONES, LIJAS, FUNDAS Y BARNIZ PARA MADERA",N/A,USD,1,200.43,200.43,200.43,0,20,40.086000000000006,240.516,DIMAQUINAS C.A.,MERAKY,850,738,,
GASTO,PAGADO,2025-10-03,2025-10,2025-S40,CONTRATISTA,CARPINTERIA,JESUS CARPINTERO,ABONO JESUS CARPINTERIA LOCAL MIKONOS,N/A,USD,1,1000,1000,1000,0,20,200,1200,DIMAQUINAS C.A.,MERAKY,850,738,,
GASTO,PAGADO,2025-10-03,2025-10,2025-S40,CONTRATISTA,ELECTRICIDAD,JESUS CARPINTERO,"ABONO A TRES LAMPARAS GRANDES DECORATIVA, TECHO RESTAURANT",N/A,USD,1,500,500,500,0,20,100,600,DIMAQUINAS C.A.,MERAKY,850,738,,
GASTO,PAGADO,2025-10-03,2025-10,2025-S40,CONTRATISTA,CARPINTERIA,JESUS CARPINTERO,ABONO JESUS CARPINTERIA PRESUPUESTO 1 Y 2,N/A,USD,1,2000,2000,2000,0,20,400,2400,DIMAQUINAS C.A.,MERAKY,850,738,,
GASTO,PAGADO,2025-10-03,2025-10,2025-S40,CONTRATISTA,COMANDERAS,CASA INTELIGENTE,"CABLE UTP N6, OUTDOOR,  PARA COMANDERAS",N/A,USD,1,300,300,300,0,20,60,360,DIMAQUINAS C.A.,MERAKY,850,738,,
GASTO,PAGADO,2025-10-03,2025-10,2025-S40,MATERIALES,ACABADOS,PROCODIMA,15 SACOS DE CEMENTO,N/A,USD,1,180,180,180,0,20,36,216,DIMAQUINAS C.A.,MERAKY,850,738,,
GASTO,PAGADO,2025-10-03,2025-10,2025-S40,MATERIALES,ELECTRICIDAD,SUMINISTROS ELECTRICOS REAL,LAMPARA ANTIPOLVO CANTIDAD 3,N/A,USD,1,81.1,81.1,81.1,0,20,16.22,97.32,DIMAQUINAS C.A.,MERAKY,850,738,,
GASTO,PAGADO,2025-10-03,2025-10,2025-S40,MATERIALES,MIKONOS,INVERSIONES BARCELONA ORIENTE C.A.,ESCOBAS Y COLETOS,N/A,USD,1,15.95,15.95,15.95,0,20,3.19,19.139999999999997,DIMAQUINAS C.A.,MERAKY,850,738,,
GASTO,PAGADO,2025-10-03,2025-10,2025-S40,MATERIALES,MIKONOS,ASDRUBAL CERAMISTA,COLOCACION CERAMICA MIKONOS,N/A,USD,1,200,200,200,0,20,40,240,DIMAQUINAS C.A.,MERAKY,850,738,,
GASTO,PAGADO,2025-10-10,2025-10,2025-S41,CONTRATISTA,CARPINTERIA,JESUS CARPINTERO,ABONO TRABAJOS DE CARPINTERIA PRESUPUESTO 3,N/A,USD,1,4000,4000,4000,0,20,800,4800,DIMAQUINAS C.A.,MERAKY,850,738,,
GASTO,PAGADO,2025-10-10,2025-10,2025-S41,CONTRATISTA,LOGOS,OCTAVIO LOGOS,ABONO LOGO PAGO FINAL (LOGO CALLE DOS OJOS),N/A,USD,1,500,500,500,0,20,100,600,DIMAQUINAS C.A.,MERAKY,850,738,,
GASTO,PAGADO,2025-10-10,2025-10,2025-S41,CONTRATISTA,ACABADOS,AV INGENIERIA,COMPRA DE TRES KIT DE MICROCEMENTO CHAMPANG,N/A,USD,1,355.6,355.6,355.6,0,20,71.12,426.72,DIMAQUINAS C.A.,MERAKY,850,738,,
GASTO,PAGADO,2025-10-10,2025-10,2025-S41,MANO DE OBRA,ESTRUCTURA MADERA,CAROLINA ESTRUCTURA,"ABONO MANO DE OBRA CAROLINA ESTRUCTURAS DE MADERA (LIJADO, SELLADO DE ESTRUCTURAS Y COLOCACION DE CAÑA BRAVA EN ALEROS)",N/A,USD,1,600,600,600,0,20,120,720,DIMAQUINAS C.A.,MERAKY,850,738,,
GASTO,PAGADO,2025-10-10,2025-10,2025-S41,MANO DE OBRA,ELECTRICIDAD,CRISPIN,"MANO DE OBRA SEMANA (INCLUYE HORAS EXTRAS LUNES,  MARTES, MIERCOLES Y JUEVES)",N/A,USD,1,3776,3776,3776,0,20,755.2,4531.2,DIMAQUINAS C.A.,MERAKY,850,738,,
GASTO,PAGADO,2025-10-10,2025-10,2025-S41,MANO DE OBRA,ACABADOS,CASA INTELIGENTE,"BASE PARA LAVAMANO EN HERRERIA, REJAS PARA AIRES ACONDICIONADOS",N/A,USD,1,220,220,220,0,20,44,264,DIMAQUINAS C.A.,MERAKY,850,738,,
GASTO,PAGADO,2025-10-10,2025-10,2025-S41,MANO DE OBRA,ACABADOS,PROCODIMA,"ALQUILER DE ANDAMIOS ESPECIALES ALTURA 8 M2 (SONIDO, LAMPARAS, TELAS)",N/A,USD,1,90,90,90,0,20,18,108,DIMAQUINAS C.A.,MERAKY,850,738,,
GASTO,PAGADO,2025-10-10,2025-10,2025-S41,EQUIPOS,ACABADOS,GUACO APONTE,TRANSPORTE DE MATERIALES SEMANA 01/07,N/A,USD,1,150,150,150,0,20,30,180,DIMAQUINAS C.A.,MERAKY,850,738,,
GASTO,PAGADO,2025-10-10,2025-10,2025-S41,MANO DE OBRA,ACABADOS,EL MONO,TRANSPORTE OBREROS SEMANAL,N/A,USD,1,200,200,200,0,20,40,240,DIMAQUINAS C.A.,MERAKY,850,738,,
GASTO,PAGADO,2025-10-10,2025-10,2025-S41,MANO DE OBRA,GUARAME,FRAN AIRES,MANTENIMIENTO AIRE GUARAME,N/A,USD,1,50,50,50,0,20,10,60,DIMAQUINAS C.A.,MERAKY,850,738,,
GASTO,PAGADO,2025-10-10,2025-10,2025-S41,MATERIALES,TELAS,SOLARIUM,ABONO FINAL DE TELAS EN TECHOS (FALTA RETENCION DE 300$),N/A,USD,1,5000,5000,5000,0,20,1000,6000,DIMAQUINAS C.A.,MERAKY,850,738,,
GASTO,PAGADO,2025-10-10,2025-10,2025-S41,MANO DE OBRA,ACABADOS,ADRIANA CAROLINA TORRELES,COMIDA NOCTURNA OBREROS DIARIA LUNES(7 PERSONAS),N/A,USD,1,38,38,38,0,20,7.6000000000000005,45.6,DIMAQUINAS C.A.,MERAKY,850,738,,
GASTO,PAGADO,2025-10-10,2025-10,2025-S41,INSUMOS,ACABADOS,ANTOJITOS VEGA,COMIDA NOCTURNA OBREROS DIARIA MARTES(7 PERSONAS),N/A,USD,1,54.6,54.6,54.6,0,20,10.920000000000002,65.52,DIMAQUINAS C.A.,MERAKY,850,738,,
GASTO,PAGADO,2025-10-10,2025-10,2025-S41,MANO DE OBRA,ACABADOS,ADRIANA CAROLINA TORRELES,COMIDA NOCTURNA OBREROS DIARIA MIERCOLES(7 PERSONAS),N/A,USD,1,54.22,54.22,54.22,0,20,10.844000000000001,65.064,DIMAQUINAS C.A.,MERAKY,850,738,,
GASTO,PAGADO,2025-10-10,2025-10,2025-S41,INSUMOS,ACABADOS,ADRIANA CAROLINA TORRELES,COMIDA NOCTURNA OBREROS DIARIA JUEVES(7 PERSONAS),N/A,USD,1,48.5,48.5,48.5,0,20,9.700000000000001,58.199999999999996,DIMAQUINAS C.A.,MERAKY,850,738,,
GASTO,PAGADO,2025-10-10,2025-10,2025-S41,MANO DE OBRA,ACABADOS,MIGUEL,TRANSPORTE NOCTURNO (LUNES -JUEVES),N/A,USD,1,80,80,80,0,20,16,96,DIMAQUINAS C.A.,MERAKY,850,738,,
GASTO,PAGADO,2025-10-10,2025-10,2025-S41,TRANSPORTE,ACABADOS,LA TIENDA DEL PINTOR,"PINTURA, ESPUMA EXPANSIVA,MASILLA, FONDO, TIRRO",N/A,USD,1,239,239,239,0,20,47.800000000000004,286.8,DIMAQUINAS C.A.,MERAKY,850,738,,
GASTO,PAGADO,2025-10-10,2025-10,2025-S41,MATERIALES,ACABADOS,LA TIENDA DEL PINTOR,"PINTURA, BOMBILLOS, LIJA",N/A,USD,1,166.63,166.63,166.63,0,20,33.326,199.956,DIMAQUINAS C.A.,MERAKY,850,738,,
GASTO,PAGADO,2025-10-10,2025-10,2025-S41,MATERIALES,ELECTRICIDAD,FERRESTE,"CABLE 14, CABLE 12 (1 ROLLO CADA UNO)",N/A,USD,1,157,157,157,0,20,31.400000000000002,188.4,DIMAQUINAS C.A.,MERAKY,850,738,,
GASTO,PAGADO,2025-10-10,2025-10,2025-S41,MATERIALES,ELECTRICIDAD,FERRESTE,"CABLE 12, CURVA Y THINNER",N/A,USD,1,112,112,112,0,20,22.400000000000002,134.4,DIMAQUINAS C.A.,MERAKY,850,738,,
GASTO,PAGADO,2025-10-10,2025-10,2025-S41,MATERIALES,ALBAÑILERIA,FERRETERIA ACROPOLIS,"50 CLAVOS DE ACERO, ESPUMA ESPANSIVA, SACO DE YESO",N/A,USD,1,38,38,38,0,20,7.6000000000000005,45.6,DIMAQUINAS C.A.,MERAKY,850,738,,
GASTO,PAGADO,2025-10-10,2025-10,2025-S41,MATERIALES,ALBAÑILERIA,FERRETERIA SANTA RITA,ADITIVO SIKA UN GALON,N/A,USD,1,166.8,166.8,166.8,0,20,33.36000000000001,200.16,DIMAQUINAS C.A.,MERAKY,850,738,,
GASTO,PAGADO,2025-10-10,2025-10,2025-S41,MATERIALES,ALBAÑILERIA,FERRETERIA SANTA RITA,LAMINA DE SEN SEN CLAVOS,N/A,USD,1,11.13,11.13,11.13,0,20,2.2260000000000004,13.356,DIMAQUINAS C.A.,MERAKY,850,738,,
GASTO,PAGADO,2025-10-10,2025-10,2025-S41,MATERIALES,ALBAÑILERIA,GENARO LUCIANO,PRUEBA CAMION DE AGUAS SERVIDAS,N/A,USD,1,100,100,100,0,20,20,120,DIMAQUINAS C.A.,MERAKY,850,738,,
GASTO,PAGADO,2025-10-10,2025-10,2025-S41,MATERIALES,ALBAÑILERIA,FERRETERIA LAS ANTILLAS,50 BLOQUES ROJOS DE ARCILLA (MURITO PIZZERIA),N/A,USD,1,37.5,37.5,37.5,0,20,7.5,45,DIMAQUINAS C.A.,MERAKY,850,738,,
GASTO,PAGADO,2025-10-10,2025-10,2025-S41,MATERIALES,ALBAÑILERIA,FERRETERIA LAS ANTILLAS,5 SACOS DE CEMENTO,N/A,USD,1,111.39,111.39,111.39,0,20,22.278000000000002,133.668,DIMAQUINAS C.A.,MERAKY,850,738,,
GASTO,PAGADO,2025-10-10,2025-10,2025-S41,MATERIALES,ALBAÑILERIA,FERRETERIA LAS ANTILLAS,6 SACOS DE CEMENTO,N/A,USD,1,133.67,133.67,133.67,0,20,26.733999999999998,160.40399999999997,DIMAQUINAS C.A.,MERAKY,850,738,,
GASTO,PAGADO,2025-10-10,2025-10,2025-S41,MATERIALES,ELECTRICIDAD,DISTUPECA,"CAJA DERIVACION, TUBOS DE 3/4"", GOMA REDUCTORA, CODOS, 10 TUBOS DE 1/2, CURVAS",N/A,USD,1,214.4,214.4,214.4,0,20,42.88,257.28,DIMAQUINAS C.A.,MERAKY,850,738,,
GASTO,PAGADO,2025-10-10,2025-10,2025-S41,MATERIALES,ELECTRICIDAD,DISTUPECA,"TUBO DE 1/2, TUBO DE 2"" DE AGUAS NEGRAS, CODOS. NE. 0294",N/A,USD,1,162.9,162.9,162.9,0,20,32.580000000000005,195.48,DIMAQUINAS C.A.,MERAKY,850,738,,
GASTO,PAGADO,2025-10-10,2025-10,2025-S41,MATERIALES,ELECTRICIDAD,DISTUPECA,"20 TUBOS DE 1/2, CODO",N/A,USD,1,76.2,76.2,76.2,0,20,15.240000000000002,91.44,DIMAQUINAS C.A.,MERAKY,850,738,,
GASTO,PAGADO,2025-10-10,2025-10,2025-S41,MATERIALES,ELECTRICIDAD,DISTUPECA,"TUBO DE AN DE 4"", TAPA, TAPON N.E. 55,70",N/A,USD,1,55.7,55.7,55.7,0,20,11.14,66.84,DIMAQUINAS C.A.,MERAKY,850,738,,
GASTO,PAGADO,2025-10-10,2025-10,2025-S41,MATERIALES,ELECTRICIDAD,DISTUPECA,"TEE, TAPA 1 "", CURVA CAJA DE TORNILLOS DE DRYWALL, TIRRO",N/A,USD,1,59.45,59.45,59.45,0,20,11.89,71.34,DIMAQUINAS C.A.,MERAKY,850,738,,
GASTO,PAGADO,2025-10-10,2025-10,2025-S41,MATERIALES,ELECTRICIDAD,FERRESTE,COMPRA DE 80 BOMBILLAS PARA LUCES DE PUEBLO DJ,N/A,USD,1,260,260,260,0,20,52,312,DIMAQUINAS C.A.,MERAKY,850,738,,
GASTO,PAGADO,2025-10-10,2025-10,2025-S41,MATERIALES,ELECTRICIDAD,FERRESTE,"SILICON , THINNER, LIJA",N/A,USD,1,92,92,92,0,20,18.400000000000002,110.39999999999999,DIMAQUINAS C.A.,MERAKY,850,738,,
GASTO,PAGADO,2025-10-10,2025-10,2025-S41,MATERIALES,ELECTRICIDAD,CASA LED,EXTENSIONES DE 10 METROS 20 SOCATES,N/A,USD,1,147.36,147.36,147.36,0,20,29.472000000000005,176.83200000000002,DIMAQUINAS C.A.,MERAKY,850,738,,
GASTO,PAGADO,2025-10-10,2025-10,2025-S41,MATERIALES,BAR,MADERAS MANZANILLO,LAMINAS DE PLYCEM Y ESTRUCTURA PARA BARRA PLAYA,N/A,USD,1,1025.33,1025.33,1025.33,0,20,205.066,1230.396,DIMAQUINAS C.A.,MERAKY,850,738,,
GASTO,PAGADO,2025-10-10,2025-10,2025-S41,MATERIALES,ALBAÑILERIA,FERRETERIA ACROPOLIS,"TEIPE, CODO, OREJA, CEPILLO, GUANTES, CANDADOS, DESINFECTANTE, CLORO, ACE.",N/A,USD,1,77.4,77.4,77.4,0,20,15.480000000000002,92.88000000000001,DIMAQUINAS C.A.,MERAKY,850,738,,
GASTO,PAGADO,2025-10-17,2025-10,2025-S42,MATERIALES,MIKONOS,CASA LED,"LAMAPRA MIKONOS, CINTA LED, LUCERNA, SOCATE, REFLECTORES",N/A,USD,1,326.32,326.32,326.32,0,20,65.264,391.584,DIMAQUINAS C.A.,MERAKY,850,738,,
GASTO,PAGADO,2025-10-17,2025-10,2025-S42,MATERIALES,ELECTRICIDAD,CASA LED,COMPRA DE 17 REFLECTORES PEQUEÑOS,N/A,USD,1,116.28,116.28,116.28,0,20,23.256,139.536,DIMAQUINAS C.A.,MERAKY,850,738,,
GASTO,PAGADO,2025-10-17,2025-10,2025-S42,MATERIALES,ELECTRICIDAD,CASA LED,LAMPARAS DE SERVICIO,N/A,USD,1,27.58,27.58,27.58,0,20,5.516,33.096,DIMAQUINAS C.A.,MERAKY,850,738,,
GASTO,PAGADO,2025-10-17,2025-10,2025-S42,MATERIALES,PLOMERIA,FERRESTE,"VALVULA DE PASO (TANQUE DE AGUA), DISCO DE CORTE",N/A,USD,1,7,7,7,0,20,1.4000000000000001,8.4,DIMAQUINAS C.A.,MERAKY,850,738,,
GASTO,PAGADO,2025-10-17,2025-10,2025-S42,MATERIALES,ELECTRICIDAD,FERRESTE,"CABLE 14, SILICON, DISCO, SOCATE, BOMBILLO",N/A,USD,1,71.27,71.27,71.27,0,20,14.254,85.52399999999999,DIMAQUINAS C.A.,MERAKY,850,738,,
GASTO,PAGADO,2025-10-17,2025-10,2025-S42,MATERIALES,PLOMERIA,FERRESTE,FIBRA PARA CONCRETO,N/A,USD,1,26,26,26,0,20,5.2,31.2,DIMAQUINAS C.A.,MERAKY,850,738,,
GASTO,PAGADO,2025-10-17,2025-10,2025-S42,MATERIALES,PLOMERIA,FERRESTE,"CANALETA, VALVULA CHECK, VALVULA DE PASO, ALAMBRE, PANEL TIRRA",N/A,USD,1,30.68,30.68,30.68,0,20,6.136,36.815999999999995,DIMAQUINAS C.A.,MERAKY,850,738,,
GASTO,PAGADO,2025-10-17,2025-10,2025-S42,MATERIALES,PLOMERIA,FERRESTE,"LIJA, BISAGRA, CANDADOS, LLAVE DE CHORRO",N/A,USD,1,87.23,87.23,87.23,0,20,17.446,104.676,DIMAQUINAS C.A.,MERAKY,850,738,,
GASTO,PAGADO,2025-10-17,2025-10,2025-S42,MATERIALES,ALBAÑILERIA,FERRETERIA SANTA RITA,COMPRA DE 7 MANTOS TECHOS,N/A,USD,1,385,385,385,0,20,77,462,DIMAQUINAS C.A.,MERAKY,850,738,,
GASTO,PAGADO,2025-10-17,2025-10,2025-S42,MATERIALES,ALBAÑILERIA,LA TIENDA DEL PINTOR,"DOS SELLADORES PARA MADERA, FUNDAS, DISCOFLAT",N/A,USD,1,128.5,128.5,128.5,0,20,25.700000000000003,154.2,DIMAQUINAS C.A.,MERAKY,850,738,,
GASTO,PAGADO,2025-10-17,2025-10,2025-S42,MATERIALES,ALBAÑILERIA,LA TIENDA DEL PINTOR,"PINTURA FLAWALL, PEGA PVC, FLAGLOSS AMARILLO",N/A,USD,1,190,190,190,0,20,38,228,DIMAQUINAS C.A.,MERAKY,850,738,,
GASTO,PAGADO,2025-10-17,2025-10,2025-S42,MATERIALES,ALBAÑILERIA,LA TIENDA DEL PINTOR,SELLADOR Y PASTA PROFESIONAL,N/A,USD,1,202,202,202,0,20,40.400000000000006,242.39999999999998,DIMAQUINAS C.A.,MERAKY,850,738,,
GASTO,PAGADO,2025-10-17,2025-10,2025-S42,MATERIALES,ALBAÑILERIA,LA TIENDA DEL PINTOR,4 GALONES DEE PINTURA PREPARADA,N/A,USD,1,140,140,140,0,20,28,168,DIMAQUINAS C.A.,MERAKY,850,738,,
GASTO,PAGADO,2025-10-17,2025-10,2025-S42,MATERIALES,ALBAÑILERIA,LA TIENDA DEL PINTOR,SELLADOR PARA MADERA(DOS),N/A,USD,1,108,108,108,0,20,21.6,129.6,DIMAQUINAS C.A.,MERAKY,850,738,,
GASTO,PAGADO,2025-10-17,2025-10,2025-S42,MATERIALES,ALBAÑILERIA,LA TIENDA DEL PINTOR,THINNER ACRILICO,N/A,USD,1,15,15,15,0,20,3,18,DIMAQUINAS C.A.,MERAKY,850,738,,
GASTO,PAGADO,2025-10-17,2025-10,2025-S42,MATERIALES,ALBAÑILERIA,LA TIENDA DEL PINTOR,"BROCHAS, TIRRO PEGO, FUNADAS",N/A,USD,1,87.49,87.49,87.49,0,20,17.498,104.98799999999999,DIMAQUINAS C.A.,MERAKY,850,738,,
GASTO,PAGADO,2025-10-17,2025-10,2025-S42,MATERIALES,ALBAÑILERIA,LA TIENDA DEL PINTOR,"PINTURA PREPARADA, ELECTRODOS",N/A,USD,1,307.5,307.5,307.5,0,20,61.5,369,DIMAQUINAS C.A.,MERAKY,850,738,,
GASTO,PAGADO,2025-10-17,2025-10,2025-S42,MATERIALES,EQUIPAMIENTO,PROCODIMA,"TRANSPORTE MINISHOWEL, IDA Y VUELTA",N/A,USD,1,150,150,150,0,20,30,180,DIMAQUINAS C.A.,MERAKY,850,738,,
GASTO,PAGADO,2025-10-17,2025-10,2025-S42,EQUIPOS,EQUIPAMIENTO,PROCODIMA,ALQUILER MINISOWEL,N/A,USD,1,120,120,120,0,20,24,144,DIMAQUINAS C.A.,MERAKY,850,738,,
GASTO,PAGADO,2025-10-17,2025-10,2025-S42,EQUIPOS,MIKONOS,OCTAVIO LOGOS,ABONO LOGOS MIKONOS (DOS LOGOS),N/A,USD,1,400,400,400,0,20,80,480,DIMAQUINAS C.A.,MERAKY,850,738,,
GASTO,PAGADO,2025-10-17,2025-10,2025-S42,MATERIALES,ACABADOS,AV INGENIERIA,"COMPRA DE TRES KIT DE MICROCEMENTO CHAMPANG, ESCALARES ENTRADA",N/A,USD,1,355.6,355.6,355.6,0,20,71.12,426.72,DIMAQUINAS C.A.,MERAKY,850,738,,
GASTO,PAGADO,2025-10-17,2025-10,2025-S42,MANO DE OBRA,ESTRUCTURA MADERA,CAROLINA ESTRUCTURA,"ABONO MANO DE OBRA CAROLINA ESTRUCTURAS DE MADERA (LIJADO, SELLADO DE ESTRUCTURAS Y COLOCACION DE CAÑA BRAVA EN ALEROS)",N/A,USD,1,600,600,600,0,20,120,720,DIMAQUINAS C.A.,MERAKY,850,738,,
GASTO,PAGADO,2025-10-17,2025-10,2025-S42,MANO DE OBRA,ELECTRICIDAD,CRISPIN,"MANO DE OBRA SEMANA (INCLUYE HORAS EXTRAS LUNES,  MARTES, MIERCOLES Y JUEVES)",N/A,USD,1,3745,3745,3745,0,20,749,4494,DIMAQUINAS C.A.,MERAKY,850,738,,
GASTO,PAGADO,2025-10-17,2025-10,2025-S42,MATERIALES,ACABADOS,ROXANA LAMPARAS TEJIDAS,MECATE DECORATIVO MAS GRANDES,N/A,USD,1,350,350,350,0,20,70,420,DIMAQUINAS C.A.,MERAKY,850,738,,
GASTO,PAGADO,2025-10-17,2025-10,2025-S42,MANO DE OBRA,ACABADOS,MIGUEL,TRANSPORTE NOCTURNO (LUNES -JUEVES),N/A,USD,1,80,80,80,0,20,16,96,DIMAQUINAS C.A.,MERAKY,850,738,,
GASTO,PAGADO,2025-10-17,2025-10,2025-S42,TRANSPORTE,ALBAÑILERIA,FERRETERIA SANTA RITA,COMPRA DE 60 BLOQUES,N/A,USD,1,58.67,58.67,58.67,0,20,11.734000000000002,70.404,DIMAQUINAS C.A.,MERAKY,850,738,,
GASTO,PAGADO,2025-10-17,2025-10,2025-S42,MANO DE OBRA,ALBAÑILERIA,ADRIANA CAROLINA TORRELES,COMIDA NOCTURNA OBREROS OBRA Y CONTENEDOR(13 PERSONAS),N/A,USD,1,95.48,95.48,95.48,0,20,19.096,114.57600000000001,DIMAQUINAS C.A.,MERAKY,850,738,,
GASTO,PAGADO,2025-10-17,2025-10,2025-S42,INSUMOS,ALBAÑILERIA,ANTOJITOS VEGA,COMIDA NOCTURNA OBREROS OBRA Y CONTENEDOR(13 PERSONAS),N/A,USD,1,29.39,29.39,29.39,0,20,5.878,35.268,DIMAQUINAS C.A.,MERAKY,850,738,,
GASTO,PAGADO,2025-10-17,2025-10,2025-S42,MATERIALES,ALBAÑILERIA,MADERAS MANZANILLO,DOS LAMINAS ADICIONALES DE PLYCEN (BAR PLAYA),N/A,USD,1,112.42,112.42,112.42,0,20,22.484,134.904,DIMAQUINAS C.A.,MERAKY,850,738,,
GASTO,PAGADO,2025-10-17,2025-10,2025-S42,MATERIALES,ELECTRICIDAD,ZOOM,ZOOM TRANSPORTE DE LAMPARAS DESDE CARACAS,N/A,USD,1,25.02,25.02,25.02,0,20,5.0040000000000004,30.023999999999997,DIMAQUINAS C.A.,MERAKY,850,738,,
GASTO,PAGADO,2025-10-17,2025-10,2025-S42,MATERIALES,ALBAÑILERIA,FERRETERIA SANTA RITA,COMPRA DE 30 BLOQUES,N/A,USD,1,29.39,29.39,29.39,0,20,5.878,35.268,DIMAQUINAS C.A.,MERAKY,850,738,,
GASTO,PAGADO,2025-10-17,2025-10,2025-S42,MATERIALES,ALBAÑILERIA,PLACA CENTRO,"6 CUARTONES DE APAMATE, MANDRIL (BAR PLAYA)",N/A,USD,1,153,153,153,0,20,30.6,183.6,DIMAQUINAS C.A.,MERAKY,850,738,,
GASTO,PAGADO,2025-10-17,2025-10,2025-S42,MATERIALES,ALBAÑILERIA,"INVERSIONES SORIMAYA, C.A",COMPRA DE 5 SACOS DE CEMENTO,N/A,USD,1,104.28,104.28,104.28,0,20,20.856,125.136,DIMAQUINAS C.A.,MERAKY,850,738,,
GASTO,PAGADO,2025-10-17,2025-10,2025-S42,MATERIALES,ACABADOS,TOTAL TOOLS,LIJAS PARA LIMPIAR CORALINA,N/A,USD,1,8.18,8.18,8.18,0,20,1.6360000000000001,9.815999999999999,DIMAQUINAS C.A.,MERAKY,850,738,,
GASTO,PAGADO,2025-10-17,2025-10,2025-S42,CONTRATISTA,CARPINTERIA,JESUS CARPINTERO,"ABONO CARPINTERO PRESUPUESTO 1,2 Y 3)",N/A,USD,1,3689.84,3689.84,3689.84,0,20,737.9680000000001,4427.808,DIMAQUINAS C.A.,MERAKY,850,738,,
GASTO,PAGADO,2025-10-17,2025-10,2025-S42,CONTRATISTA,ELECTRICIDAD,GUACO APONTE,TRANSPORTE DE MATERIALES SEMANA,N/A,USD,1,150,150,150,0,20,30,180,DIMAQUINAS C.A.,MERAKY,850,738,,
GASTO,PAGADO,2025-10-17,2025-10,2025-S42,TRANSPORTE,ELECTRICIDAD,EL MONO,TRANSPORTE OBREROS SEMANAL,N/A,USD,1,120,120,120,0,20,24,144,DIMAQUINAS C.A.,MERAKY,850,738,,
GASTO,PAGADO,2025-10-23,2025-10,2025-S43,TRANSPORTE,ELECTRICIDAD,"R&D MATERIALES ELECTRICOS, C.A.",COMPRA DE LAMPARAS EXTERIORES GRISES (27 PEQUEÑAS Y 3 GRANDES),N/A,USD,1,1824,1824,1824,0,20,364.8,2188.7999999999997,DIMAQUINAS C.A.,MERAKY,850,738,,
GASTO,PAGADO,2025-10-23,2025-10,2025-S43,MATERIALES,ALBAÑILERIA,PROCODIMA,PINTURA IMPERMEABILIZANTE (TECHO AREA DE SERVICIO9 8 GALONES,N/A,USD,1,200,200,200,0,20,40,240,DIMAQUINAS C.A.,MERAKY,850,738,,
GASTO,PAGADO,2025-10-23,2025-10,2025-S43,MATERIALES,ELECTRICIDAD,"R&D MATERIALES ELECTRICOS, C.A.",COMPRA DE LAMPARAS EXTERIORES GRISES (1 GRANDE ADICIONAL),N/A,USD,1,165.93,165.93,165.93,0,20,33.186,199.116,DIMAQUINAS C.A.,MERAKY,850,738,,
GASTO,PAGADO,2025-10-23,2025-10,2025-S43,MATERIALES,ELECTRICIDAD,THE KING HOT DOG,COMIDA NOCTURNA DIA LUNES,N/A,USD,1,25.53,25.53,25.53,0,20,5.106000000000001,30.636,DIMAQUINAS C.A.,MERAKY,850,738,,
GASTO,PAGADO,2025-10-23,2025-10,2025-S43,INSUMOS,BAR Y PIZZERIA,PLACA CENTRO,"RODAPIES DE PVC LOCALES, LAMINAS DE FIBRACEMENTO PARA PIZZERIA",N/A,USD,1,919.28,919.28,919.28,0,20,183.856,1103.136,DIMAQUINAS C.A.,MERAKY,850,738,,
GASTO,PAGADO,2025-10-23,2025-10,2025-S43,MATERIALES,ACABADOS,LA TIENDA DEL PINTOR,"SELLADOR, FONDO, CEMENTO PLASTICO,",N/A,USD,1,394,394,394,0,20,78.80000000000001,472.79999999999995,DIMAQUINAS C.A.,MERAKY,850,738,,
GASTO,PAGADO,2025-10-23,2025-10,2025-S43,MATERIALES,CAMARAS,FERRESTE,"ROLLO DE CABLE 12, ROLLO DE CABLE 14, TIRRO, DISCO, TORNILLO",N/A,USD,1,191,191,191,0,20,38.2,229.2,DIMAQUINAS C.A.,MERAKY,850,738,,
GASTO,PAGADO,2025-10-23,2025-10,2025-S43,MATERIALES,ACABADOS,FERRETERIA ACROPOLIS,"LIJAS, CODOS, GUANTES, ALAMBRE",N/A,USD,1,50.28,50.28,50.28,0,20,10.056000000000001,60.336,DIMAQUINAS C.A.,MERAKY,850,738,,
GASTO,PAGADO,2025-10-23,2025-10,2025-S43,MATERIALES,ACABADOS,THE KING HOT DOG,COMIDA NOCTURNA MARTES,N/A,USD,1,46.54,46.54,46.54,0,20,9.308,55.848,DIMAQUINAS C.A.,MERAKY,850,738,,
GASTO,PAGADO,2025-10-23,2025-10,2025-S43,MATERIALES,BAR,PLACA CENTRO,"TORNILLOS DE DRYWALL, WALL PANEL BAR PLAYA",N/A,USD,1,459.81,459.81,459.81,0,20,91.962,551.7719999999999,DIMAQUINAS C.A.,MERAKY,850,738,,
GASTO,PAGADO,2025-10-23,2025-10,2025-S43,MATERIALES,ACABADOS,PINTURAS AUTOMOTRICES,REDUCTOR DE PINTURA,N/A,USD,1,35.83,35.83,35.83,0,20,7.166,42.995999999999995,DIMAQUINAS C.A.,MERAKY,850,738,,
GASTO,PAGADO,2025-10-23,2025-10,2025-S43,MATERIALES,ACABADOS,LA TIENDA DEL PINTOR,"BROCHA, TIRROS, TORNILLO,FUNDA, SELLADORES PARA ESTRUCTURA DE MADERA, PINTURA DE CAUCHO, CEMENTO PLASTICO,",N/A,USD,1,632.92,632.92,632.92,0,20,126.584,759.5039999999999,DIMAQUINAS C.A.,MERAKY,850,738,,
GASTO,PAGADO,2025-10-23,2025-10,2025-S43,MATERIALES,ACABADOS,FERRETERIA ACROPOLIS,"LIJA, CODO, MECATE, CEMENTO, SILICON",N/A,USD,1,124.2,124.2,124.2,0,20,24.840000000000003,149.04,DIMAQUINAS C.A.,MERAKY,850,738,,
GASTO,PAGADO,2025-10-23,2025-10,2025-S43,MATERIALES,PLOMERIA,FERRETERIA SANTA RITA,"SIFON, TAPAS, REJILLAS, PEGA TUBERIAS, THINNER SILICON, RAMPLUG, LAMPARA DE SERVICIO",N/A,USD,1,226.38,226.38,226.38,0,20,45.276,271.656,DIMAQUINAS C.A.,MERAKY,850,738,,
GASTO,PAGADO,2025-10-23,2025-10,2025-S43,MATERIALES,ELECTRICIDAD,FERRESTE,"LIJA, CABLE 12, CABLE 14, TEIPE, TORNILLO",N/A,USD,1,191,191,191,0,20,38.2,229.2,DIMAQUINAS C.A.,MERAKY,850,738,,
GASTO,PAGADO,2025-10-23,2025-10,2025-S43,MANO DE OBRA,ALBAÑILERIA,CRISPIN,ABONO PARTE I  LIQUIDACIONES PERSONAL MANO DE OBRA,N/A,USD,1,1484.44,1484.44,1484.44,0,20,296.88800000000003,1781.328,DIMAQUINAS C.A.,MERAKY,850,738,,
GASTO,PAGADO,2025-10-23,2025-10,2025-S43,MATERIALES,ALBAÑILERIA,THE KING HOT DOG,COMIDA NOCTURNA DIA MIERCOLES,N/A,USD,1,52.07,52.07,52.07,0,20,10.414000000000001,62.483999999999995,DIMAQUINAS C.A.,MERAKY,850,738,,
GASTO,PAGADO,2025-10-23,2025-10,2025-S43,MATERIALES,PIZZERIA,PLACA CENTRO,COMPRA DE TORNILLOS DE DRYWALL,N/A,USD,1,35.71,35.71,35.71,0,20,7.142,42.852,DIMAQUINAS C.A.,MERAKY,850,738,,
GASTO,PAGADO,2025-10-23,2025-10,2025-S43,MATERIALES,SONIDO,IMPORTADORA AS 2050,COMPRA DE TRES GABINETES DE INTEMPERIE PARA SONIDO,N/A,USD,1,652.45,652.45,652.45,0,20,130.49,782.94,DIMAQUINAS C.A.,MERAKY,850,738,,
GASTO,PAGADO,2025-10-23,2025-10,2025-S43,MATERIALES,PIZZERIA,PLACA CENTRO,PARALES PARA DRYWALL,N/A,USD,1,112.8,112.8,112.8,0,20,22.560000000000002,135.35999999999999,DIMAQUINAS C.A.,MERAKY,850,738,,
GASTO,PAGADO,2025-10-23,2025-10,2025-S43,CONTRATISTA,CARPINTERIA,JESUS CARPINTERO,"ABONO A JESUS CARPINTERO (PRESUPUESTO 1,2,3 ) Y ABONO A PRESUPUESTO CERRAMIENTO DEL BAR",N/A,USD,1,4500,4500,4500,0,20,900,5400,DIMAQUINAS C.A.,MERAKY,850,738,,
GASTO,PAGADO,2025-10-23,2025-10,2025-S43,MANO DE OBRA,ACABADOS,CRISPIN,ABONO MANO DE OBRA SEMANA OBREROS,N/A,USD,1,2945,2945,2945,0,20,589,3534,DIMAQUINAS C.A.,MERAKY,850,738,,
GASTO,PAGADO,2025-10-23,2025-10,2025-S43,MANO DE OBRA,ACABADOS,CRISPIN,"LIQUIDACION OBREROS FALTANTES, PARTE II",N/A,USD,1,1484,1484,1484,0,20,296.8,1780.8,DIMAQUINAS C.A.,MERAKY,850,738,,
GASTO,PAGADO,2025-10-23,2025-10,2025-S43,MANO DE OBRA,PLOMERIA,CASA INTELIGENTE,FABRICACION DE BASE PARA LAVAMANOS (INCLUYE MATERIALES DE HERRERIA),N/A,USD,1,120,120,120,0,20,24,144,DIMAQUINAS C.A.,MERAKY,850,738,,
GASTO,PAGADO,2025-10-23,2025-10,2025-S43,MANO DE OBRA,ESTRUCTURA MADERA,CAROLINA ESTRUCTURA,"MANO DE OBRA SELLADO DE MADERA, E INSTALACION DE CANA BRAVA EN ALEROS",N/A,USD,1,600,600,600,0,20,120,720,DIMAQUINAS C.A.,MERAKY,850,738,,
GASTO,PAGADO,2025-10-23,2025-10,2025-S43,MATERIALES,ESTRUCTURA MADERA,CAROLINA ESTRUCTURA,6 SURTIDOS DE AGUA DE 5.000 LITROS,N/A,USD,1,90,90,90,0,20,18,108,DIMAQUINAS C.A.,MERAKY,850,738,,
GASTO,PAGADO,2025-10-23,2025-10,2025-S43,MATERIALES,ESTRUCTURA MADERA,HERNAN TINEO,COMPRA DE 4 BULTOS DE CANA BRAVA FALTANTES,N/A,USD,1,314.29,314.29,314.29,0,20,62.858000000000004,377.148,DIMAQUINAS C.A.,MERAKY,850,738,,
GASTO,PAGADO,2025-10-23,2025-10,2025-S43,MATERIALES,PLOMERIA,CASA MARMOL,PAGO FABRICACION DE LAVAMANOS DE BAÑO CON PIEDRA SINTERIZADA,N/A,USD,1,2143.73,2143.73,2143.73,0,20,428.74600000000004,2572.476,DIMAQUINAS C.A.,MERAKY,850,738,,
GASTO,PAGADO,2025-10-23,2025-10,2025-S43,CONTRATISTA,ALBAÑILERIA,FERRETERIA LAS ANTILLAS,COMPRA DE 4 SACOS DE CEMENTO Y UN ROLLO DE MANTO,N/A,USD,1,131.52,131.52,131.52,0,20,26.304000000000002,157.824,DIMAQUINAS C.A.,MERAKY,850,738,,
GASTO,PAGADO,2025-10-23,2025-10,2025-S43,MATERIALES,ACABADOS,LA CASA DEL MICROCEMENTO,COMPRA DE KIT DE MICROCEMENTO COLOR MARFIL PARA BARRA RESTAURANT (30 M2),N/A,USD,1,635.22,635.22,635.22,0,20,127.04400000000001,762.264,DIMAQUINAS C.A.,MERAKY,850,738,,
GASTO,PAGADO,2025-10-31,2025-10,2025-S44,MATERIALES,DECORACION,JOSE TAPICERO,ABONO FABRICACION DE CORTINAS Y DE LONA EN AREA DEL DJ,N/A,USD,1,1900,1900,1900,0,20,380,2280,DIMAQUINAS C.A.,MERAKY,850,738,,
GASTO,PAGADO,2025-10-23,2025-10,2025-S43,CONTRATISTA,ACABADOS,GUACO APONTE,TRANSPORTE DE MATERIALES SEMANA,N/A,USD,1,150,150,150,0,20,30,180,DIMAQUINAS C.A.,MERAKY,850,738,,
GASTO,PAGADO,2025-10-23,2025-10,2025-S43,TRANSPORTE,ACABADOS,AV INGENIERIA,COMPRA DE 5 KIT DE DAREX COLOR CHAMPANG (LOSETAS ENTRADA),N/A,USD,1,580.77,580.77,580.77,0,20,116.154,696.924,DIMAQUINAS C.A.,MERAKY,850,738,,
GASTO,PAGADO,2025-10-30,2025-10,2025-S44,CONTRATISTA,CARPINTERIA,JESUS CARPINTERO,"ABONO PRESUPUESTOS 1,2,3 Y BAR DE PLAYA",N/A,USD,1,3000,3000,3000,0,20,600,3600,DIMAQUINAS C.A.,MERAKY,850,738,,
GASTO,PAGADO,2025-10-30,2025-10,2025-S44,CONTRATISTA,ACABADOS,CRISPIN,PAGO NOMINA OBREROS SEMANA,N/A,USD,1,1786,1786,1786,0,20,357.20000000000005,2143.2,DIMAQUINAS C.A.,MERAKY,850,738,,
GASTO,PAGADO,2025-10-30,2025-10,2025-S44,MANO DE OBRA,ACABADOS,CAROLINA ESTRUCTURA,SELLADO DE ESTRUCTURA DE MADERA Y TERMINACION DE ALEROS,N/A,USD,1,600,600,600,0,20,120,720,DIMAQUINAS C.A.,MERAKY,850,738,,
GASTO,PAGADO,2025-10-30,2025-10,2025-S44,MANO DE OBRA,PLOMERIA,CASA LED,"TUBERIAS, FREGADERO, LLAVE, DESAGUE",N/A,USD,1,259.04,259.04,259.04,0,20,51.80800000000001,310.848,DIMAQUINAS C.A.,MERAKY,850,738,,
GASTO,PAGADO,2025-10-30,2025-10,2025-S44,MATERIALES,ACABADOS,LA TIENDA DEL PINTOR,"PASTA , COD, YEE, PINTURA, LIJA, FONDO, SELLADOR, CAJETIN, SIFON, DESAGUE, DISCO, SELLADOR HIDROFUGO (7 FACTURAS)",N/A,USD,1,780,780,780,0,20,156,936,DIMAQUINAS C.A.,MERAKY,850,738,,
GASTO,PAGADO,2025-10-30,2025-10,2025-S44,MATERIALES,ACABADOS,FERRETERIA ACROPOLIS,"100 TORNILLOS DE DRYWALL, 4 UNIONES UNIVERSALES, CODO AGUAS NEGRAS",N/A,USD,1,21,21,21,0,20,4.2,25.2,DIMAQUINAS C.A.,MERAKY,850,738,,
GASTO,PAGADO,2025-10-30,2025-10,2025-S44,MATERIALES,ACABADOS,PLACA CENTRO,TORNILLOS DE DRYWALL,N/A,USD,1,6.87,6.87,6.87,0,20,1.374,8.244,DIMAQUINAS C.A.,MERAKY,850,738,,
GASTO,PAGADO,2025-10-30,2025-10,2025-S44,MATERIALES,ALBAÑILERIA,CAROLINA ESTRUCTURA,4 SURTIDOS DE AGUA,N/A,USD,1,60,60,60,0,20,12,72,DIMAQUINAS C.A.,MERAKY,850,738,,
GASTO,PAGADO,2025-11-07,2025-11,2025-S45,MATERIALES,CARPINTERIA,JESUS CARPINTERO,"ABONO A PRESUPUESTOS 1,2, MIKONOS, BAR DE PLAYA Y TIENDA",N/A,USD,1,2400,2400,2400,0,20,480,2880,DIMAQUINAS C.A.,MERAKY,850,738,,
GASTO,PAGADO,2025-11-07,2025-11,2025-S45,CONTRATISTA,CARPINTERIA,JESUS CARPINTERO,ABONO PRESUPUESTO LITERAS CASA GUARAME,N/A,USD,1,6000,6000,6000,0,20,1200,7200,DIMAQUINAS C.A.,MERAKY,850,738,,
GASTO,PAGADO,2025-11-07,2025-11,2025-S45,CONTRATISTA,GAS,VPNE SERVICIOS INDUSTRIALES,ABONO 70% PRESUPUESTO ACOMETIDA DE GAS PARA PIZZERIA Y BOMBONAS,N/A,USD,1,1372,1372,1372,0,20,274.40000000000003,1646.3999999999999,DIMAQUINAS C.A.,MERAKY,850,738,,
GASTO,PAGADO,2025-11-07,2025-11,2025-S45,CONTRATISTA,GAS,VPNE SERVICIOS INDUSTRIALES,ABONO 70% PRESUPUESTO ACOMETIDA DE GAS PARA EQUIPOS DE COCINA,N/A,USD,1,2593,2593,2593,0,20,518.6,3111.6,DIMAQUINAS C.A.,MERAKY,850,738,,
GASTO,PAGADO,2025-11-07,2025-11,2025-S45,CONTRATISTA,ELECTRICIDAD,VALERIO,NOMINA MANO DE OBRA,N/A,USD,1,1606.64,1606.64,1606.64,0,20,321.32800000000003,1927.968,DIMAQUINAS C.A.,MERAKY,850,738,,
GASTO,PAGADO,2025-11-07,2025-11,2025-S45,MANO DE OBRA,TOLDOS Y CORTINAS,JOSE TAPICERO,ABONO PAGO CORTINAS Y TOLDOS DJ,N/A,USD,1,800,800,800,0,20,160,960,DIMAQUINAS C.A.,MERAKY,850,738,,
GASTO,PAGADO,2025-11-07,2025-11,2025-S45,CONTRATISTA,SONIDO,FERRESTE,"CABLE 12, CAJETINES, LIJA, FONDO GRIS",N/A,USD,1,250,250,250,0,20,50,300,DIMAQUINAS C.A.,MERAKY,850,738,,
GASTO,PAGADO,2025-11-07,2025-11,2025-S45,MATERIALES,TIENDA,FERRESTE,CADENA GALVA,N/A,USD,1,13,13,13,0,20,2.6,15.6,DIMAQUINAS C.A.,MERAKY,850,738,,
GASTO,PAGADO,2025-11-07,2025-11,2025-S45,MATERIALES,TIENDA,FERRESTE,ABRAZADERA Y TORNILLOS DE DRYWALL,N/A,USD,1,7.05,7.05,7.05,0,20,1.4100000000000001,8.459999999999999,DIMAQUINAS C.A.,MERAKY,850,738,,
GASTO,PAGADO,2025-11-07,2025-11,2025-S45,MATERIALES,TIENDA,FERRESTE,SUICHES Y TOMAS AREA DE TIENDA,N/A,USD,1,95.9,95.9,95.9,0,20,19.180000000000003,115.08,DIMAQUINAS C.A.,MERAKY,850,738,,
GASTO,PAGADO,2025-11-07,2025-11,2025-S45,MATERIALES,TIENDA,FERRESTE,DOS ROLLOS DE CABLE 12,N/A,USD,1,190,190,190,0,20,38,228,DIMAQUINAS C.A.,MERAKY,850,738,,
GASTO,PAGADO,2025-11-07,2025-11,2025-S45,MATERIALES,PLOMERIA,FERRESTE,"TOMAS, CINTAS PARA YESO, TAPAS",N/A,USD,1,273.43,273.43,273.43,0,20,54.68600000000001,328.116,DIMAQUINAS C.A.,MERAKY,850,738,,
GASTO,PAGADO,2025-11-07,2025-11,2025-S45,MATERIALES,PLOMERIA,"ALL TUBOS, C.A.","CANAL DE AGUAS DE LLUVIA PARA TECHO ALTO, CADENAS Y TAPAS",N/A,USD,1,458.5,458.5,458.5,0,20,91.7,550.1999999999999,DIMAQUINAS C.A.,MERAKY,850,738,,
GASTO,PAGADO,2025-11-07,2025-11,2025-S45,MATERIALES,ACABADOS,AV INGENIERIA,"COMPRA DE CINCO SACOS DE DAREX, 1  FRISO CORALMELO, Y CUÑETE DE SELLADOR PARA DAREX",N/A,USD,1,1031,1031,1031,0,20,206.20000000000002,1237.2,DIMAQUINAS C.A.,MERAKY,850,738,,
GASTO,PAGADO,2025-11-07,2025-11,2025-S45,MATERIALES,ELECTRICIDAD,CASA LED,"BREAKERS, CABLE 14, LAMPARA DEPOSITO, CINTA LED",N/A,USD,1,329.5,329.5,329.5,0,20,65.9,395.4,DIMAQUINAS C.A.,MERAKY,850,738,,
GASTO,PAGADO,2025-11-07,2025-11,2025-S45,MATERIALES,ELECTRICIDAD,LA TIENDA DEL PINTOR,"BROCHAS, CINTA Y RODILLOS, SELLADOR HIDROFUGO",N/A,USD,1,122.56,122.56,122.56,0,20,24.512,147.072,DIMAQUINAS C.A.,MERAKY,850,738,,
GASTO,PAGADO,2025-11-07,2025-11,2025-S45,MATERIALES,ELECTRICIDAD,FERRETERIA ACROPOLIS,"TILOSA, ROLLO DE ALAMBRE, TEIPE",N/A,USD,1,35.8,35.8,35.8,0,20,7.16,42.959999999999994,DIMAQUINAS C.A.,MERAKY,850,738,,
GASTO,PAGADO,2025-11-07,2025-11,2025-S45,MANO DE OBRA,ACABADOS,ANTOJITOS VEGA,"COMIDA NOCTURANA OBREROS, LUNES",N/A,USD,1,23.61,23.61,23.61,0,20,4.722,28.331999999999997,DIMAQUINAS C.A.,MERAKY,850,738,,
GASTO,PAGADO,2025-11-07,2025-11,2025-S45,INSUMOS,ELECTRICIDAD,GENTILLE C.A.,"COMIDA NOCTURANA OBREROS, MARTES",N/A,USD,1,23.58,23.58,23.58,0,20,4.716,28.295999999999996,DIMAQUINAS C.A.,MERAKY,850,738,,
GASTO,PAGADO,2025-11-07,2025-11,2025-S45,INSUMOS,ELECTRICIDAD,GENTILLE C.A.,"COMIDA NOCTURANA OBREROS, MIERCOLES",N/A,USD,1,33.19,33.19,33.19,0,20,6.638,39.827999999999996,DIMAQUINAS C.A.,MERAKY,850,738,,
GASTO,PAGADO,2025-11-07,2025-11,2025-S45,INSUMOS,ELECTRICIDAD,DELICIAS CESTA DE FLORES,"COMIDA NOCTURANA OBREROS, JUEVES",N/A,USD,1,43.77,43.77,43.77,0,20,8.754000000000001,52.524,DIMAQUINAS C.A.,MERAKY,850,738,,
GASTO,PAGADO,2025-11-14,2025-11,2025-S46,INSUMOS,GAS,VPNE SERVICIOS INDUSTRIALES,"PAGO FINAL ADUCIION DE GAS, Y ACOMETIODA EQUIPOS",N/A,USD,1,1366,1366,1366,0,20,273.2,1639.2,DIMAQUINAS C.A.,MERAKY,850,738,,
GASTO,PAGADO,2025-11-14,2025-11,2025-S46,CONTRATISTA,GAS,VPNE SERVICIOS INDUSTRIALES,PAGO FINALMANGERAS PARA CONEXIÓN DE EQUIPOS,N/A,USD,1,240,240,240,0,20,48,288,DIMAQUINAS C.A.,MERAKY,850,738,,
GASTO,PAGADO,2025-11-14,2025-11,2025-S46,CONTRATISTA,GAS,VPNE SERVICIOS INDUSTRIALES,PAGO UNICO PRESUPUESTO PARA INSTALACION DE HORNO A GAS Y COCINA,N/A,USD,1,625,625,625,0,20,125,750,DIMAQUINAS C.A.,MERAKY,850,738,,
GASTO,PAGADO,2025-11-14,2025-11,2025-S46,CONTRATISTA,TELAS,JOSE TAPICERO,FABRICACION DE 4 CORTINAS VAPOROSAS ADICIONALES,N/A,USD,1,450,450,450,0,20,90,540,DIMAQUINAS C.A.,MERAKY,850,738,,
GASTO,PAGADO,2025-11-14,2025-11,2025-S46,CONTRATISTA,ALBAÑILERIA,PLACA CENTRO,ESQUINEROS Y LAMINA DE PVC PARA MESA EN MIKONOS,N/A,USD,1,77.58,77.58,77.58,0,20,15.516,93.09599999999999,DIMAQUINAS C.A.,MERAKY,850,738,,
GASTO,PAGADO,2025-11-14,2025-11,2025-S46,MATERIALES,MIKONOS,ACERO MATERIALES,TUBO PARA FABRICACION MESA MIKONOS,N/A,USD,1,30,30,30,0,20,6,36,DIMAQUINAS C.A.,MERAKY,850,738,,
GASTO,PAGADO,2025-11-14,2025-11,2025-S46,MATERIALES,TELAS,TIJERAZO,COMPRA DE AMARRE PARA CORTINAS,N/A,USD,1,28,28,28,0,20,5.6000000000000005,33.6,DIMAQUINAS C.A.,MERAKY,850,738,,
GASTO,PAGADO,2025-11-14,2025-11,2025-S46,MATERIALES,TELAS,TIJERAZO,COMPRA DE AMARRE PARA CORTINAS,N/A,USD,1,67.2,67.2,67.2,0,20,13.440000000000001,80.64,DIMAQUINAS C.A.,MERAKY,850,738,,
GASTO,PAGADO,2025-11-14,2025-11,2025-S46,MATERIALES,TELAS,TIJERAZO,COMPRA DE AMARRE PARA CORTINAS ADICIONALES,N/A,USD,1,67.2,67.2,67.2,0,20,13.440000000000001,80.64,DIMAQUINAS C.A.,MERAKY,850,738,,
GASTO,PAGADO,2025-11-14,2025-11,2025-S46,MATERIALES,ACABADOS,PLACA CENTRO,RODAPIE PARA TIENDA Y MIKONOS,N/A,USD,1,378,378,378,0,20,75.60000000000001,453.59999999999997,DIMAQUINAS C.A.,MERAKY,850,738,,
GASTO,PAGADO,2025-11-14,2025-11,2025-S46,MATERIALES,ACABADOS,LA TIENDA DEL PINTOR,"DRYWALL, PARALES TORNILLO, ESQUINEROS, ARCO Y PARED EN MIKONOS",N/A,USD,1,99.73,99.73,99.73,0,20,19.946,119.676,DIMAQUINAS C.A.,MERAKY,850,738,,
GASTO,PAGADO,2025-11-14,2025-11,2025-S46,MATERIALES,ACABADOS,LA TIENDA DEL PINTOR,"PINTURA FLAWALL, LIJAS",N/A,USD,1,76.31,76.31,76.31,0,20,15.262,91.572,DIMAQUINAS C.A.,MERAKY,850,738,,
GASTO,PAGADO,2025-11-14,2025-11,2025-S46,MATERIALES,ACABADOS,LA TIENDA DEL PINTOR,PINTURA DE ESMALTE PARA RODAPIES,N/A,USD,1,190.75,190.75,190.75,0,20,38.15,228.9,DIMAQUINAS C.A.,MERAKY,850,738,,
GASTO,PAGADO,2025-11-14,2025-11,2025-S46,MATERIALES,ACABADOS,LA TIENDA DEL PINTOR,MASTIQUE,N/A,USD,1,25,25,25,0,20,5,30,DIMAQUINAS C.A.,MERAKY,850,738,,
GASTO,PAGADO,2025-11-14,2025-11,2025-S46,MATERIALES,ACABADOS,LA TIENDA DEL PINTOR,"MANTOFLEX, SILICON",N/A,USD,1,118,118,118,0,20,23.6,141.6,DIMAQUINAS C.A.,MERAKY,850,738,,
GASTO,PAGADO,2025-11-14,2025-11,2025-S46,MATERIALES,ACABADOS,LA TIENDA DEL PINTOR,PINTURA FLAWALL 81 GALON),N/A,USD,1,38,38,38,0,20,7.6000000000000005,45.6,DIMAQUINAS C.A.,MERAKY,850,738,,
GASTO,PAGADO,2025-11-14,2025-11,2025-S46,MATERIALES,PLOMERIA,CASA LED,GRIFO PARA FREGADERO BAR RESTAURANTE,N/A,USD,1,121.15,121.15,121.15,0,20,24.230000000000004,145.38,DIMAQUINAS C.A.,MERAKY,850,738,,
GASTO,PAGADO,2025-11-14,2025-11,2025-S46,MANO DE OBRA,ACABADOS,MIGUEL,MANO DE OBRA PERSONAL OBRERO,N/A,USD,1,2273,2273,2273,0,20,454.6,2727.6,DIMAQUINAS C.A.,MERAKY,850,738,,
GASTO,PAGADO,2025-11-14,2025-11,2025-S46,CONTRATISTA,CARPINTERIA,JESUS CARPINTERO,ABONO 2 A LITERAS GUARAME,N/A,USD,1,4000,4000,4000,0,20,800,4800,DIMAQUINAS C.A.,MERAKY,850,738,,
GASTO,PAGADO,2025-11-14,2025-11,2025-S46,CONTRATISTA,BAR,JESUS CARPINTERO,ABONO A PRESUPUESTO BAR Y TIENDA,N/A,USD,1,2000,2000,2000,0,20,400,2400,DIMAQUINAS C.A.,MERAKY,850,738,,
GASTO,PAGADO,2025-11-14,2025-11,2025-S46,CONTRATISTA,CARPINTERIA,JESUS CARPINTERO,PAGO FINAL CUERDAS E INSTALACION DE LAMPARAS,N/A,USD,1,1300,1300,1300,0,20,260,1560,DIMAQUINAS C.A.,MERAKY,850,738,,
GASTO,PAGADO,2025-11-14,2025-11,2025-S46,MATERIALES,TELAS,JOSE TAPICERO,ABONO TAPICERIA MUEBLES GRANDES CON TELA NAUTICA,N/A,USD,1,2800,2800,2800,0,20,560,3360,DIMAQUINAS C.A.,MERAKY,850,738,,
GASTO,PAGADO,2025-11-14,2025-11,2025-S46,MATERIALES,PLOMERIA,PROSEIN,COMPRA DE POCETA BAÑO CAJA (POCETA PARTIDA PRO SUSTITUIR),N/A,USD,1,168,168,168,0,20,33.6,201.6,DIMAQUINAS C.A.,MERAKY,850,738,,
GASTO,PAGADO,1900-11-21,1900-11,1900-S47,CONTRATISTA,DECORACION,JESUS CARPINTERO,FABRICACION DE DOS LAMPARAS GRANDES TEJIDAS,N/A,USD,1,720,720,720,0,20,144,864,DIMAQUINAS C.A.,MERAKY,850,738,,
GASTO,PAGADO,1900-11-21,1900-11,1900-S47,MATERIALES,PLOMERIA,PROSEIN,COMPRA DE LAVAMOPAS DE PLASTICO AREA DE SERVICIO,N/A,USD,1,136,136,136,0,20,27.200000000000003,163.2,DIMAQUINAS C.A.,MERAKY,850,738,,
GASTO,PAGADO,1900-11-21,1900-11,1900-S47,MATERIALES,CARPINTERIA,ASERRADERO AMAZONAS,ABONO FABRICACION DE TABLAS DE TECA PARA PASILLO PLAYA DEL CLUB,N/A,USD,1,450,450,450,0,20,90,540,DIMAQUINAS C.A.,MERAKY,850,738,,
GASTO,PAGADO,1900-11-21,1900-11,1900-S47,MATERIALES,ELECTRICIDAD,ILUMINA,KIT DE GUAYAS PARA RIEL DE TIENDA,N/A,USD,1,10.25,10.25,10.25,0,20,2.0500000000000003,12.299999999999999,DIMAQUINAS C.A.,MERAKY,850,738,,
GASTO,PAGADO,1900-11-21,1900-11,1900-S47,MATERIALES,DECORACION,TIMONEL FERRETERIA INDUSTRIAL,4 KILOS DE CABULLA DE 1/4 PARA FORRAR COLUMNAS,N/A,USD,1,52,52,52,0,20,10.4,62.4,DIMAQUINAS C.A.,MERAKY,850,738,,
GASTO,PAGADO,1900-11-21,1900-11,1900-S47,MATERIALES,DECORACION,JARDINES MARGARITA,PORRONES DECORATIVOS,N/A,USD,1,247,247,247,0,20,49.400000000000006,296.4,DIMAQUINAS C.A.,MERAKY,850,738,,
GASTO,PAGADO,1900-11-21,1900-11,1900-S47,MATERIALES,TELAS,JOSE TAPICERO,"FABRICACION E INSTALACION DE TOLDO EN PESCADERIA, INCLUYE GANCHOS DE ACERO INOXIDABLE",N/A,USD,1,140,140,140,0,20,28,168,DIMAQUINAS C.A.,MERAKY,850,738,,
GASTO,PAGADO,1900-11-21,1900-11,1900-S47,CONTRATISTA,CARPINTERIA,JESUS CARPINTERO,ABONO FABRICACION DE MESA DJ Y MUEBLE CIRCULAR,N/A,USD,1,3700,3700,3700,0,20,740,4440,DIMAQUINAS C.A.,MERAKY,850,738,,
GASTO,PAGADO,1900-11-21,1900-11,1900-S47,CONTRATISTA,CARPINTERIA,JESUS CARPINTERO,ABONO TRABAJOS REALIZADOS Y ADICIONALES DE CARPINTERIA,N/A,USD,1,3000,3000,3000,0,20,600,3600,DIMAQUINAS C.A.,MERAKY,850,738,,
GASTO,PAGADO,1900-11-21,1900-11,1900-S47,MATERIALES,CARPINTERIA,WILMAN CARPINTERO,ABONO REPISAS Y ADICIONALES CARPINTERIA,N/A,USD,1,740,740,740,0,20,148,888,DIMAQUINAS C.A.,MERAKY,850,738,,
GASTO,PAGADO,1900-11-21,1900-11,1900-S47,MANO DE OBRA,CARPINTERIA,FREDDY PADRON,COLOCACION DE TAPAS DE ACERO INOXIDABLE EN SISTEMAS DE PUERTA DE MADERA,N/A,USD,1,180,180,180,0,20,36,216,DIMAQUINAS C.A.,MERAKY,850,738,,
GASTO,PAGADO,1900-11-21,1900-11,1900-S47,MATERIALES,EQUIPAMIENTO,TIJERAZO,ESPEJOS DECORATIVOS EN BAÑO,N/A,USD,1,90,90,90,0,20,18,108,DIMAQUINAS C.A.,MERAKY,850,738,,
GASTO,PAGADO,1900-11-21,1900-11,1900-S47,MATERIALES,CARPINTERIA,ASERRADERO AMAZONAS,VIGAS SOPORTE PARA DECK ENTRADA A PLAYA Y TABVLAS DE DECK ADICIONALES PARA AMPLIACION DE PASILLO,N/A,USD,1,850,850,850,0,20,170,1020,DIMAQUINAS C.A.,MERAKY,850,738,,
GASTO,PAGADO,1900-11-21,1900-11,1900-S47,MATERIALES,LOGOS,OCTAVIO LOGOS,PAGO FINAL LOGOS MIKONOS,N/A,USD,1,280,280,280,0,20,56,336,DIMAQUINAS C.A.,MERAKY,850,738,,
GASTO,PAGADO,1900-11-21,1900-11,1900-S47,MATERIALES,EQUIPAMIENTO,ECO COOL C.A.,"CORTINA DE AIRE DE 1,50 METROS PARA MIKONOS",N/A,USD,1,207,207,207,0,20,41.400000000000006,248.39999999999998,DIMAQUINAS C.A.,MERAKY,850,738,,
GASTO,PAGADO,1900-11-21,1900-11,1900-S47,MATERIALES,EQUIPAMIENTO,DAKA,COMPRA DE TRES TELEVISORES CON TRES  BASES PARA MIKONOS,N/A,USD,1,555,555,555,0,20,111,666,DIMAQUINAS C.A.,MERAKY,850,738,,
GASTO,PAGADO,1900-11-21,1900-11,1900-S47,MATERIALES,EQUIPAMIENTO,VPNE SERVICIOS INDUSTRIALES,SUSTITUCION DE VALVULAS EN COCINA,N/A,USD,1,64,64,64,0,20,12.8,76.8,DIMAQUINAS C.A.,MERAKY,850,738,,
GASTO,PAGADO,1900-11-21,1900-11,1900-S47,MANO DE OBRA,ACABADOS,MIGUEL,NOMINA SEMANA TRABAJADORES (INCLUYE TRABAJO NOCTURNO),N/A,USD,1,2200,2200,2200,0,20,440,2640,DIMAQUINAS C.A.,MERAKY,850,738,,
GASTO,PAGADO,1900-11-21,1900-11,1900-S47,MANO DE OBRA,CARPINTERIA,PROCODIMA,COMPRA DE 5 SACOS DE CEMENTO (FRISO EN PARED PARTIDA Y SOPORTES PARA DECK PASILLO),N/A,USD,1,70,70,70,0,20,14,84,DIMAQUINAS C.A.,MERAKY,850,738,,
GASTO,PAGADO,1900-11-21,1900-11,1900-S47,MANO DE OBRA,ELECTRICIDAD,JESUS CORPOELECT,MEDICION DE CARGA ELECTRICA Y CONSUMO PARA INSTALACION DE PLANTA},N/A,USD,1,50,50,50,0,20,10,60,DIMAQUINAS C.A.,MERAKY,850,738,,
GASTO,PAGADO,1900-11-21,1900-11,1900-S47,MANO DE OBRA,AIRES ACONDICIONADOS,FRAN AIRES,COMPRA DE GAS PARA AIRE DE MIKONOS,N/A,USD,1,40,40,40,0,20,8,48,DIMAQUINAS C.A.,MERAKY,850,738,,
GASTO,PAGADO,1900-11-21,1900-11,1900-S47,MANO DE OBRA,MIKONOS,J BLODELL C.A.,"COMIDA NOCTURANA OBREROS, LUNES",N/A,USD,1,40,40,40,0,20,8,48,DIMAQUINAS C.A.,MERAKY,850,738,,
GASTO,PAGADO,1900-11-21,1900-11,1900-S47,MANO DE OBRA,MIKONOS,THE KING HOT DOG,"COMIDA NOCTURANA OBREROS, MARTES",N/A,USD,1,36,36,36,0,20,7.2,43.199999999999996,DIMAQUINAS C.A.,MERAKY,850,738,,
GASTO,PAGADO,1900-11-21,1900-11,1900-S47,INSUMOS,MIKONOS,GENTILLE C.A.,"COMIDA NOCTURANA OBREROS, MIERCOLES",N/A,USD,1,32.3,32.3,32.3,0,20,6.46,38.76,DIMAQUINAS C.A.,MERAKY,850,738,,
GASTO,PAGADO,1900-11-21,1900-11,1900-S47,INSUMOS,MIKONOS,DELICIAS CESTA DE FLORES,"COMIDA NOCTURANA OBREROS, JUEVES",N/A,USD,1,35,35,35,0,20,7,42,DIMAQUINAS C.A.,MERAKY,850,738,,
GASTO,PAGADO,1900-11-21,1900-11,1900-S47,INSUMOS,MIKONOS,REPRESENTACIONES LA FRAGATA,COMPRA DE TORNILLOS,N/A,USD,1,7.01,7.01,7.01,0,20,1.4020000000000001,8.411999999999999,DIMAQUINAS C.A.,MERAKY,850,738,,
GASTO,PAGADO,1900-11-21,1900-11,1900-S47,MATERIALES,ELECTRICIDAD,"EXTINMAR, C.A.",AVISOS ALTO RIESGO (SOLICITADOS POR BOMBEROS),N/A,USD,1,13.52,13.52,13.52,0,20,2.704,16.224,DIMAQUINAS C.A.,MERAKY,850,738,,
GASTO,PAGADO,1900-11-21,1900-11,1900-S47,MATERIALES,ACABADOS,"DISCROMAR,C A.",GALON DE SELLADOR PARA PISOS DE MICROCEMENTO,N/A,USD,1,55.98,55.98,55.98,0,20,11.196,67.17599999999999,DIMAQUINAS C.A.,MERAKY,850,738,,
GASTO,PAGADO,1900-11-21,1900-11,1900-S47,MATERIALES,TELAS,JOSE TAPICERO,ABONO TAPICERO SOFAS CON TELA NAUTICA,N/A,USD,1,350,350,350,0,20,70,420,DIMAQUINAS C.A.,MERAKY,850,738,,
GASTO,PAGADO,1900-11-21,1900-11,1900-S47,MATERIALES,ACABADOS,LA TIENDA DEL PINTOR,"TIRRO, RODILLO, FUNDA, PINTURA, EPOXICO PINTURA, PASTATOMACORRINETES, ELECTRODOS",N/A,USD,1,328.73,328.73,328.73,0,20,65.74600000000001,394.476,DIMAQUINAS C.A.,MERAKY,850,738,,
GASTO,PAGADO,1900-11-21,1900-11,1900-S47,MATERIALES,EQUIPAMIENTO,CASA LED,"BOMBA PARA FREGADERO, TUBERIAS, VALVUILA, PEGA, LLAVE DE ARRRESTO (INSTALACION LAVAPLATOS CON BOMBA PARA TENER AGUA COSNTANTE), BREAKER, LLAVE LAVAPLATOS, TOMAS INTEMPERIE",N/A,USD,1,513.17,513.17,513.17,0,20,102.634,615.804,DIMAQUINAS C.A.,MERAKY,850,738,,
GASTO,PAGADO,1900-11-21,1900-11,1900-S47,MATERIALES,ELECTRICIDAD,FERRESTE,"REFLECTORES DE COLOR, CABLE, PEGA,INTERRUPTORES Y TOMAS INTEMPERIE, LIJAS, DIMMER, DISCOS DE CORTE, LAMPARAS DE EMERGENCIA, TOMA SUPERFICIAL",N/A,USD,1,564,564,564,0,20,112.80000000000001,676.8,DIMAQUINAS C.A.,MERAKY,850,738,,
GASTO,PAGADO,1900-11-21,1900-11,1900-S47,MATERIALES,ACABADOS,FERRETERIA SANTA RITA,"COMPRA DE 4 ROLLOS DE MANTO,REFUERZO DE MANTO BAJO CONDENSADORAS DE AIRE DE OFICINA QUE SE SUSTITUYO",N/A,USD,1,204.41,204.41,204.41,0,20,40.882000000000005,245.29199999999997,DIMAQUINAS C.A.,MERAKY,850,738,,
GASTO,PAGADO,2025-11-26,2025-11,2025-S48,CONTRATISTA,CARPINTERIA,JESUS CARPINTERO,ABONO CARPINTERIA VER RELACION DE PRESUPUESTOS,N/A,USD,1,3000,3000,3000,0,20,600,3600,DIMAQUINAS C.A.,MERAKY,850,738,,
GASTO,PAGADO,2025-11-26,2025-11,2025-S48,MATERIALES,MIKONOS,SR FRANCISCO MIKONOS,COMPRA DE CUARZO BLANCO MIKONOS (EN CARACAS),N/A,USD,1,970,970,970,0,20,194,1164,DIMAQUINAS C.A.,MERAKY,850,738,,
GASTO,PAGADO,2025-11-26,2025-11,2025-S48,MATERIALES,MIKONOS,NEXT CARGO,TRANSPORTE DE CARACAS A MARGARITA DE LAMINAS,N/A,USD,1,450,450,450,0,20,90,540,DIMAQUINAS C.A.,MERAKY,850,738,,
GASTO,PAGADO,2025-11-26,2025-11,2025-S48,MATERIALES,ELECTRICIDAD,ELECTRIMAX,"REFLECTORES DE COLOR, CABLE, PEGA,INTERRUPTORES Y TOMAS INTEMPERIE, LIJAS, DIMMER, DISCOS DE CORTE, LAMPARAS DE EMERGENCIA, TOMA SUPERFICIAL",N/A,USD,1,451,451,451,0,20,90.2,541.1999999999999,DIMAQUINAS C.A.,MERAKY,850,738,,
GASTO,PAGADO,2025-11-26,2025-11,2025-S48,MATERIALES,TELAS,LA CASA DEL TORNILLO,AMARRES ESPECIALES PARA REFORZAR TECHOS DE LONA,N/A,USD,1,178.52,178.52,178.52,0,20,35.704,214.22400000000002,DIMAQUINAS C.A.,MERAKY,850,738,,
GASTO,PAGADO,2025-11-26,2025-11,2025-S48,MATERIALES,PLOMERIA,EUROSTONE,DOS GRIFOS DORADOS PARA LAVAMANOS DE BAÑO INTERNO,N/A,USD,1,380,380,380,0,20,76,456,DIMAQUINAS C.A.,MERAKY,850,738,,
GASTO,PAGADO,2025-11-26,2025-11,2025-S48,CONTRATISTA,CARPINTERIA,JESUS CARPINTERO,"ABONO CARPINTERIA (REPISAS, MOBILIARIO PIZZERIA, DECK NUEVO, MUEBLE INTERNO BAR)",N/A,USD,1,3500,3500,3500,0,20,700,4200,DIMAQUINAS C.A.,MERAKY,850,738,,
GASTO,PAGADO,2025-11-26,2025-11,2025-S48,MATERIALES,ELECTRICIDAD,WILSON ELECTRICIDAD,ABRAZADERAS PARA REFLECTORES EN POSTE,N/A,USD,1,51.67,51.67,51.67,0,20,10.334000000000001,62.004,DIMAQUINAS C.A.,MERAKY,850,738,,
GASTO,PAGADO,2025-11-26,2025-11,2025-S48,MATERIALES,ELECTRICIDAD,ELECTRIMAX,RIELES CON REFLECTORES PARA BAÑO,N/A,USD,1,114,114,114,0,20,22.8,136.79999999999998,DIMAQUINAS C.A.,MERAKY,850,738,,
GASTO,PAGADO,2025-11-26,2025-11,2025-S48,MATERIALES,ELECTRICIDAD,"ARTS, C.A.","TABLERO, CABLE, TUBERIA DE PVC PARA ACOMETIDA AUXILIAR COCINA",N/A,USD,1,240.04,240.04,240.04,0,20,48.008,288.048,DIMAQUINAS C.A.,MERAKY,850,738,,
GASTO,PAGADO,2025-11-28,2025-11,2025-S48,MATERIALES,ELECTRICIDAD,WILSON ELECTRICIDAD,MANO DE OBRA ACOMETIDA AUXILIAR ELECTRICIDADA COCINA,N/A,USD,1,750,750,750,0,20,150,900,DIMAQUINAS C.A.,MERAKY,850,738,,
GASTO,PAGADO,2025-11-28,2025-11,2025-S48,CONTRATISTA,CARPINTERIA,JESUS CARPINTERO,"ABONO CARPINTERIA (REPISAS, MOBILIARIO PIZZERIA, DECK NUEVO, MUEBLE INTERNO BAR)",N/A,USD,1,3000,3000,3000,0,20,600,3600,DIMAQUINAS C.A.,MERAKY,850,738,,
GASTO,PAGADO,2025-11-28,2025-11,2025-S48,MATERIALES,MIKONOS,JAVIER MARMOLERO,ABONO FABRICACION DE TOPES DE CUARZO MIKONOS,N/A,USD,1,300,300,300,0,20,60,360,DIMAQUINAS C.A.,MERAKY,850,738,,
GASTO,PAGADO,2025-11-28,2025-11,2025-S48,MANO DE OBRA,ACABADOS,MIGUEL,MANO DE OBRA SEMANA DE TRABAJO,N/A,USD,1,2337.6,2337.6,2337.6,0,20,467.52,2805.12,DIMAQUINAS C.A.,MERAKY,850,738,,
GASTO,PAGADO,2025-11-28,2025-11,2025-S48,MANO DE OBRA,DECORACION,TIMONEL FERRETERIA INDUSTRIAL,MECATE DECORATIVO PARA FORRAR COLUMNAS DE DECK DE MADERA (ADICIONAL),N/A,USD,1,215.97,215.97,215.97,0,20,43.194,259.164,DIMAQUINAS C.A.,MERAKY,850,738,,
GASTO,PAGADO,2025-11-28,2025-11,2025-S48,MATERIALES,PLOMERIA,SERVIBOMBAS MARGARITA,SIFON Y ROSETAS,N/A,USD,1,27.52,27.52,27.52,0,20,5.5040000000000004,33.024,DIMAQUINAS C.A.,MERAKY,850,738,,
GASTO,PAGADO,2025-11-28,2025-11,2025-S48,MATERIALES,ACABADOS,LA GRAN FORTALEZA,BOLSAS DE BASURA,N/A,USD,1,21.26,21.26,21.26,0,20,4.252000000000001,25.512,DIMAQUINAS C.A.,MERAKY,850,738,,
GASTO,PAGADO,2025-11-28,2025-11,2025-S48,INSUMOS,CARPINTERIA,PLACA CENTRO,TARUGOS DE MADERA PARA DECK,N/A,USD,1,5.65,5.65,5.65,0,20,1.1300000000000001,6.78,DIMAQUINAS C.A.,MERAKY,850,738,,
GASTO,PAGADO,2025-11-28,2025-11,2025-S48,MATERIALES,CARPINTERIA,AMAZONAS IMPORT,TINTA PARA DECK DE MADERA NUEVO,N/A,USD,1,16.17,16.17,16.17,0,20,3.2340000000000004,19.404,DIMAQUINAS C.A.,MERAKY,850,738,,
GASTO,PAGADO,2025-11-28,2025-11,2025-S48,MATERIALES,CARPINTERIA,LA GRAN FORTALEZA,PRODUCTOS DE LIMPIEZA OBRA,N/A,USD,1,144.65,144.65,144.65,0,20,28.930000000000003,173.58,DIMAQUINAS C.A.,MERAKY,850,738,,
GASTO,PAGADO,2025-11-28,2025-11,2025-S48,INSUMOS,CARPINTERIA,PLACA CENTRO,WALL PANEL BAR PUERTICA BAR DE PLAYA,N/A,USD,1,16.17,16.17,16.17,0,20,3.2340000000000004,19.404,DIMAQUINAS C.A.,MERAKY,850,738,,
GASTO,PAGADO,2025-11-28,2025-11,2025-S48,CONTRATISTA,CARPINTERIA,JESUS CARPINTERO,ABONO TRABAJOS DE CARPINTERIA (PRESUPUESTOS ANEXOS ),N/A,USD,1,3000,3000,3000,0,20,600,3600,DIMAQUINAS C.A.,MERAKY,850,738,,
GASTO,PAGADO,2025-11-28,2025-11,2025-S48,MANO DE OBRA,EQUIPAMIENTO,FERRETERIA ACROPOLIS,"ADAPTADORES, ABRAZADERAS, 2 CODOS DE AGUAS NEGRAS, ENCHUFE (INSTALKACION DE EQUIPOS)",N/A,USD,1,30.6,30.6,30.6,0,20,6.120000000000001,36.72,DIMAQUINAS C.A.,MERAKY,850,738,,
GASTO,PAGADO,2025-11-28,2025-11,2025-S48,MATERIALES,ACABADOS,LA TIENDA DEL PINTOR,"CANALETAS, PINTURA FACHADA, LIJAS TIRRO, SPRAY ANTICORROSIVO, VALVULA DE PASO",N/A,USD,1,357,357,357,0,20,71.4,428.4,DIMAQUINAS C.A.,MERAKY,850,738,,
GASTO,PAGADO,2025-11-28,2025-11,2025-S48,MATERIALES,EQUIPAMIENTO,FERRESTE,"DESAGUE LAVAMANOS, DESAGUE PISO,DIMER, TOMAS, SUICHES, CABLE , TAPA DE PVC, YESO, BROCHA, GOMAS REDUCTORAS, LLAVE DE ARRESTO, TUBO FLEXIBLE (INSTALACION DE EQUIPOS)",N/A,USD,1,366.38,366.38,366.38,0,20,73.276,439.656,DIMAQUINAS C.A.,MERAKY,850,738,,
GASTO,PAGADO,2025-11-28,2025-11,2025-S48,MATERIALES,EQUIPAMIENTO,CASA LED,"CANALETAS, GRIFOS LAVAPLATOS BARES,CODO, BARRA, REFLECTORES, EXTENSION, SIFONES, BREAKERS, ESPUMA EXPANSIVA, REJILLAS TOMAS, DESAGUE,REGLETAS",N/A,USD,1,948.16,948.16,948.16,0,20,189.632,1137.792,DIMAQUINAS C.A.,MERAKY,850,738,,
GASTO,PAGADO,2025-11-28,2025-11,2025-S48,MATERIALES,EQUIPAMIENTO,LA TIENDA DEL PINTOR,"TUBO DE AGUAFRIA, TUBO PARA CANALIZACION, SILICON, BASE FLAWALL",N/A,USD,1,102.42,102.42,102.42,0,20,20.484,122.904,DIMAQUINAS C.A.,MERAKY,850,738,,
GASTO,PAGADO,2025-11-28,2025-11,2025-S48,MATERIALES,AIRES ACONDICIONADOS,FRAN AIRES,INSTALACION AIRE OFICINA,N/A,USD,1,80,80,80,0,20,16,96,DIMAQUINAS C.A.,MERAKY,850,738,,
GASTO,PAGADO,2025-11-28,2025-11,2025-S48,MATERIALES,TELAS,JOSE TAPICERO,PAGO FINAL COJINES CON TELA NAUTICA,N/A,USD,1,350,350,350,0,20,70,420,DIMAQUINAS C.A.,MERAKY,850,738,,
GASTO,PAGADO,2025-12-04,2025-12,2025-S49,CONTRATISTA,CARPINTERIA,JESUS CARPINTERO,ABONO CARPINTERIA JESUS (PAGO FINAL)FALAT EL PAGO DE LA LITERA (6000),N/A,USD,1,4000,4000,4000,0,20,800,4800,DIMAQUINAS C.A.,MERAKY,850,738,,
GASTO,PAGADO,2025-12-04,2025-12,2025-S49,MATERIALES,EQUIPAMIENTO,FREDDY PADRON,"ESPEJOS PARA BAÑO, PARA TIENDA (2 ESPEJOS ALTOS)",N/A,USD,1,450,450,450,0,20,90,540,DIMAQUINAS C.A.,MERAKY,850,738,,
GASTO,PAGADO,2025-12-04,2025-12,2025-S49,MANO DE OBRA,MIKONOS,JAVIER MARMOLERO,"PAGO FINAL MARMOLERO, FABRICACION DE TOPES DE CUARZO MIKONOS",N/A,USD,1,800,800,800,0,20,160,960,DIMAQUINAS C.A.,MERAKY,850,738,,
GASTO,PAGADO,2025-12-04,2025-12,2025-S49,MANO DE OBRA,ESTRUCTURA MADERA,CAROLINA ESTRUCTURA,"AMPLIACION CAÑA BRAVA EN AREA DE BARRA RESTAURANT, ABONO",N/A,USD,1,500,500,500,0,20,100,600,DIMAQUINAS C.A.,MERAKY,850,738,,
GASTO,PAGADO,2025-12-04,2025-12,2025-S49,MANO DE OBRA,EQUIPAMIENTO,JOSE TAPICERO,PAGO FABRICACION DE CORTINAS TIENDA CALLE DOS OJOS,N/A,USD,1,300,300,300,0,20,60,360,DIMAQUINAS C.A.,MERAKY,850,738,,
GASTO,PAGADO,2025-12-04,2025-12,2025-S49,MANO DE OBRA,EQUIPAMIENTO,FREDDY PADRON,ESPEJO BAÑO AIRE LIBRE,N/A,USD,1,290,290,290,0,20,58,348,DIMAQUINAS C.A.,MERAKY,850,738,,
GASTO,PAGADO,2025-12-04,2025-12,2025-S49,MANO DE OBRA,MIKONOS,FREDDY PADRON,VIDRIO CAJA MIKONOS,N/A,USD,1,450,450,450,0,20,90,540,DIMAQUINAS C.A.,MERAKY,850,738,,
GASTO,PAGADO,2025-12-04,2025-12,2025-S49,CONTRATISTA,CARPINTERIA,JESUS CARPINTERO,"FABRICACION DE ESTRUCTURA PARA  ESPEJO TEJIDO SEGÚN  DISEÑO PARA BAÑO AIRE LIBRE, INCLUYE LOS CORDONES Y BASE DE MADERA PARA ESPEJO, NO INCLUYE ESPEJO",N/A,USD,1,1400,1400,1400,0,20,280,1680,DIMAQUINAS C.A.,MERAKY,850,738,,
GASTO,PAGADO,2025-12-04,2025-12,2025-S49,MANO DE OBRA,ACABADOS,MIGUEL,PAGO MANO DE OBRA SEMANA,N/A,USD,1,1300,1300,1300,0,20,260,1560,DIMAQUINAS C.A.,MERAKY,850,738,,
GASTO,PAGADO,2025-12-04,2025-12,2025-S49,MANO DE OBRA,EQUIPAMIENTO,WILMAN CARPINTERO,"TOPE PARA MUEBLE PARA GUARDAR COPAS, CAJON LICUADORA Y ADAPATCION DE MUEBLE PARA AREA DE LAVANDERIA",N/A,USD,1,530,530,530,0,20,106,636,DIMAQUINAS C.A.,MERAKY,850,738,,
GASTO,PAGADO,2025-12-04,2025-12,2025-S49,MANO DE OBRA,ELECTRICIDAD,MANGO BAJITO,LUCES DE NAVIDAD PALMERAS,N/A,USD,1,150,150,150,0,20,30,180,DIMAQUINAS C.A.,MERAKY,850,738,,
GASTO,PAGADO,2025-12-04,2025-12,2025-S49,MATERIALES,DECORACION,JARDIN EXOTICO,PAGO DE 4 M3 DE CONCHITAS PARA AREA DE TRINITARIAS,N/A,USD,1,700,700,700,0,20,140,840,DIMAQUINAS C.A.,MERAKY,850,738,,
GASTO,PAGADO,2025-12-04,2025-12,2025-S49,MATERIALES,TELAS,JOSE TAPICERO,ABONO TAPICERIA DE COJIN PARA MUEBLE CRICULAR CON TELA NAUTICA,N/A,USD,1,500,500,500,0,20,100,600,DIMAQUINAS C.A.,MERAKY,850,738,,
GASTO,PAGADO,2025-12-04,2025-12,2025-S49,MATERIALES,PLOMERIA,FRAN AIRES,REJILLAS PARA EXTRACCION DE BAÑOS,N/A,USD,1,150,150,150,0,20,30,180,DIMAQUINAS C.A.,MERAKY,850,738,,
GASTO,PAGADO,2025-12-04,2025-12,2025-S49,MATERIALES,EQUIPAMIENTO,OCTAVIO LOGOS,CORPOREO BAÑOS,N/A,USD,1,50,50,50,0,20,10,60,DIMAQUINAS C.A.,MERAKY,850,738,,
GASTO,PAGADO,2025-12-04,2025-12,2025-S49,MATERIALES,GUARAME,EUROSTONE,SUSTITUCION DE POMO DORADO EN CASA DE GUARAME,N/A,USD,1,345,345,345,0,20,69,414,DIMAQUINAS C.A.,MERAKY,850,738,,
GASTO,PAGADO,2025-12-15,2025-12,2025-S51,MATERIALES,ELECTRICIDAD,R & D MATERIALES ELECTRICOS,LAMPARA CAMBIADOR DE ROPA CALLE DOS OJOS,N/A,USD,1,25.93,25.93,25.93,0,20,5.186,31.116,DIMAQUINAS C.A.,MERAKY,850,738,,
GASTO,PAGADO,2025-12-15,2025-12,2025-S51,MATERIALES,MIKONOS,DAKA,COMPRA DE BASE Y TELEVISOR VENTANA DE MIKONOS,N/A,USD,1,159.04,159.04,159.04,0,20,31.808,190.84799999999998,DIMAQUINAS C.A.,MERAKY,850,738,,
GASTO,PAGADO,2025-12-15,2025-12,2025-S51,MATERIALES,GUARAME,SERVIBOMBAS MARGARITA,COMPRA DE DOS REJILLAS NEGRAS PARA SUSTITUCION EN CASA DE GUARAME,N/A,USD,1,51.55,51.55,51.55,0,20,10.31,61.85999999999999,DIMAQUINAS C.A.,MERAKY,850,738,,
GASTO,PAGADO,2025-12-15,2025-12,2025-S51,MATERIALES,GUARAME,JOSE CARPINTERO,PAGO FINAL CONSTRUCCION DE LIERTA GUARAME (POR CANCELAR),N/A,USD,1,6000,6000,6000,0,20,1200,7200,DIMAQUINAS C.A.,MERAKY,850,738,,
GASTO,PAGADO,2025-12-15,2025-12,2025-S51,MATERIALES,GUARAME,SRA ROSA,LAMPARAS PARA GUARAME DE CESTA (DOS LAMPARAS),N/A,USD,1,63.23,63.23,63.23,0,20,12.646,75.87599999999999,DIMAQUINAS C.A.,MERAKY,850,738,,
GASTO,PAGADO,2025-12-15,2025-12,2025-S51,MATERIALES,MIKONOS,OCTAVIO LOGOS,IMPRESIÓN VINIL MIKONOS,N/A,USD,1,125,125,125,0,20,25,150,DIMAQUINAS C.A.,MERAKY,850,738,,
GASTO,PAGADO,2025-12-15,2025-12,2025-S51,CONTRATISTA,DECORACION,VICTOR PORRONES,COMPRA DE TRES PORRONES DE CONCRETO,N/A,USD,1,140,140,140,0,20,28,168,DIMAQUINAS C.A.,MERAKY,850,738,,
GASTO,PAGADO,2025-12-15,2025-12,2025-S51,MATERIALES,ESTRUCTURA MADERA,CAROLINA ESTRUCTURA,PAGO CAROLINA MANO DE OBRA CAÑA BRAVA SOBRE EL BAR DEL RESTAURANT (PAGO UNICO),N/A,USD,1,470,470,470,0,20,94,564,DIMAQUINAS C.A.,MERAKY,850,738,,
GASTO,PAGADO,2025-12-15,2025-12,2025-S51,MANO DE OBRA,GUARAME,GENARO LUCIANO,VACUM CASA GUARAME,N/A,USD,1,150,150,150,0,20,30,180,DIMAQUINAS C.A.,MERAKY,850,738,,